,algorithm_name,avg_run_time,comparison_operator,n,repetitions,test_fun,timeouts
0,RLS,69.5,gt,25,10,OneMax,0
1,RLS,95.3,ge,25,10,OneMax,0
2,RLS,235.6,gt,25,10,LeadingOnes,0
3,RLS,307.8,ge,25,10,LeadingOnes,0
4,RLS,inf,gt,25,10,Jump(3),10
5,RLS,4558.8,ge,25,10,Jump(3),0
6,RLS,inf,gt,25,10,RoyalRoads(5),10
7,RLS,119.9,ge,25,10,RoyalRoads(5),0
8,RLS,83.1,gt,25,10,BinVal,0
9,RLS,91.8,ge,25,10,BinVal,0
10,(1+1)-EA,181.6,gt,25,10,OneMax,0
11,(1+1)-EA,184.3,ge,25,10,OneMax,0
12,(1+1)-EA,592.6,gt,25,10,LeadingOnes,0
13,(1+1)-EA,570.3,ge,25,10,LeadingOnes,0
14,(1+1)-EA,54108.2,gt,25,10,Jump(3),0
15,(1+1)-EA,3518.7,ge,25,10,Jump(3),0
16,(1+1)-EA,17702.555555555555,gt,25,10,RoyalRoads(5),1
17,(1+1)-EA,152.0,ge,25,10,RoyalRoads(5),0
18,(1+1)-EA,187.8,gt,25,10,BinVal,0
19,(1+1)-EA,238.1,ge,25,10,BinVal,0
20,(1+2)-EA,150.0,gt,25,10,OneMax,0
21,(1+2)-EA,149.8,ge,25,10,OneMax,0
22,(1+2)-EA,518.2,gt,25,10,LeadingOnes,0
23,(1+2)-EA,637.2,ge,25,10,LeadingOnes,0
24,(1+2)-EA,37464.2,gt,25,10,Jump(3),0
25,(1+2)-EA,3811.2,ge,25,10,Jump(3),0
26,(1+2)-EA,3502.6666666666665,gt,25,10,RoyalRoads(5),1
27,(1+2)-EA,163.6,ge,25,10,RoyalRoads(5),0
28,(1+2)-EA,200.2,gt,25,10,BinVal,0
29,(1+2)-EA,178.8,ge,25,10,BinVal,0
30,(1+5)-EA,255.0,gt,25,10,OneMax,0
31,(1+5)-EA,211.5,ge,25,10,OneMax,0
32,(1+5)-EA,587.0,gt,25,10,LeadingOnes,0
33,(1+5)-EA,430.0,ge,25,10,LeadingOnes,0
34,(1+5)-EA,26745.5,gt,25,10,Jump(3),0
35,(1+5)-EA,3050.5,ge,25,10,Jump(3),0
36,(1+5)-EA,2960.5,gt,25,10,RoyalRoads(5),0
37,(1+5)-EA,152.0,ge,25,10,RoyalRoads(5),0
38,(1+5)-EA,215.0,gt,25,10,BinVal,0
39,(1+5)-EA,204.5,ge,25,10,BinVal,0
40,(1+10)-EA,198.0,gt,25,10,OneMax,0
41,(1+10)-EA,249.0,ge,25,10,OneMax,0
42,(1+10)-EA,584.0,gt,25,10,LeadingOnes,0
43,(1+10)-EA,673.0,ge,25,10,LeadingOnes,0
44,(1+10)-EA,63602.0,gt,25,10,Jump(3),0
45,(1+10)-EA,3146.0,ge,25,10,Jump(3),0
46,(1+10)-EA,10397.0,gt,25,10,RoyalRoads(5),0
47,(1+10)-EA,343.0,ge,25,10,RoyalRoads(5),0
48,(1+10)-EA,244.0,gt,25,10,BinVal,0
49,(1+10)-EA,220.0,ge,25,10,BinVal,0
50,RLS,181.1,gt,50,10,OneMax,0
51,RLS,196.2,ge,50,10,OneMax,0
52,RLS,1316.1,gt,50,10,LeadingOnes,0
53,RLS,1303.2,ge,50,10,LeadingOnes,0
54,RLS,31586.3,ge,50,10,Jump(3),0
55,RLS,1074.5,ge,50,10,RoyalRoads(5),0
56,RLS,170.1,gt,50,10,BinVal,0
57,RLS,164.6,ge,50,10,BinVal,0
58,(1+1)-EA,360.7,gt,50,10,OneMax,0
59,(1+1)-EA,380.4,ge,50,10,OneMax,0
60,(1+1)-EA,2215.9,gt,50,10,LeadingOnes,0
61,(1+1)-EA,2451.6,ge,50,10,LeadingOnes,0
62,(1+1)-EA,121959.33333333333,gt,50,10,Jump(3),4
63,(1+1)-EA,56976.8,ge,50,10,Jump(3),0
64,(1+1)-EA,80473.0,gt,50,10,RoyalRoads(5),9
65,(1+1)-EA,1763.8,ge,50,10,RoyalRoads(5),0
66,(1+1)-EA,441.0,gt,50,10,BinVal,0
67,(1+1)-EA,481.1,ge,50,10,BinVal,0
68,(1+2)-EA,480.0,gt,50,10,OneMax,0
69,(1+2)-EA,444.4,ge,50,10,OneMax,0
70,(1+2)-EA,2050.2,gt,50,10,LeadingOnes,0
71,(1+2)-EA,2105.8,ge,50,10,LeadingOnes,0
72,(1+2)-EA,60127.0,gt,50,10,Jump(3),4
73,(1+2)-EA,24859.8,ge,50,10,Jump(3),0
74,(1+2)-EA,142181.0,gt,50,10,RoyalRoads(5),8
75,(1+2)-EA,1707.6,ge,50,10,RoyalRoads(5),0
76,(1+2)-EA,497.4,gt,50,10,BinVal,0
77,(1+2)-EA,523.6,ge,50,10,BinVal,0
78,(1+5)-EA,489.5,gt,50,10,OneMax,0
79,(1+5)-EA,521.5,ge,50,10,OneMax,0
80,(1+5)-EA,2433.0,gt,50,10,LeadingOnes,0
81,(1+5)-EA,2187.5,ge,50,10,LeadingOnes,0
82,(1+5)-EA,190206.0,gt,50,10,Jump(3),5
83,(1+5)-EA,19157.0,ge,50,10,Jump(3),0
84,(1+5)-EA,inf,gt,50,10,RoyalRoads(5),10
85,(1+5)-EA,1696.5,ge,50,10,RoyalRoads(5),0
86,(1+5)-EA,530.5,gt,50,10,BinVal,0
87,(1+5)-EA,543.5,ge,50,10,BinVal,0
88,(1+10)-EA,545.0,gt,50,10,OneMax,0
89,(1+10)-EA,539.0,ge,50,10,OneMax,0
90,(1+10)-EA,2512.0,gt,50,10,LeadingOnes,0
91,(1+10)-EA,2127.0,ge,50,10,LeadingOnes,0
92,(1+10)-EA,118822.0,gt,50,10,Jump(3),5
93,(1+10)-EA,24958.0,ge,50,10,Jump(3),0
94,(1+10)-EA,20740.0,gt,50,10,RoyalRoads(5),8
95,(1+10)-EA,2610.0,ge,50,10,RoyalRoads(5),0
96,(1+10)-EA,604.0,gt,50,10,BinVal,0
97,(1+10)-EA,776.0,ge,50,10,BinVal,0
98,RLS,321.0,gt,75,10,OneMax,0
99,RLS,301.9,ge,75,10,OneMax,0
100,RLS,2876.7,gt,75,10,LeadingOnes,0
101,RLS,2783.6,ge,75,10,LeadingOnes,0
102,RLS,69936.4,ge,75,10,Jump(3),0
103,RLS,1902.5,ge,75,10,RoyalRoads(5),0
104,RLS,312.5,gt,75,10,BinVal,0
105,RLS,316.7,ge,75,10,BinVal,0
106,(1+1)-EA,698.6,gt,75,10,OneMax,0
107,(1+1)-EA,599.9,ge,75,10,OneMax,0
108,(1+1)-EA,5218.4,gt,75,10,LeadingOnes,0
109,(1+1)-EA,5041.6,ge,75,10,LeadingOnes,0
110,(1+1)-EA,78248.5,gt,75,10,Jump(3),8
111,(1+1)-EA,82437.66666666667,ge,75,10,Jump(3),4
112,(1+1)-EA,inf,gt,75,10,RoyalRoads(5),10
113,(1+1)-EA,3123.5,ge,75,10,RoyalRoads(5),0
114,(1+1)-EA,703.0,gt,75,10,BinVal,0
115,(1+1)-EA,925.6,ge,75,10,BinVal,0
116,(1+2)-EA,712.2,gt,75,10,OneMax,0
117,(1+2)-EA,690.6,ge,75,10,OneMax,0
118,(1+2)-EA,5134.4,gt,75,10,LeadingOnes,0
119,(1+2)-EA,4663.8,ge,75,10,LeadingOnes,0
120,(1+2)-EA,48736.0,gt,75,10,Jump(3),9
121,(1+2)-EA,59589.75,ge,75,10,Jump(3),2
122,(1+2)-EA,inf,gt,75,10,RoyalRoads(5),10
123,(1+2)-EA,3351.8,ge,75,10,RoyalRoads(5),0
124,(1+2)-EA,656.8,gt,75,10,BinVal,0
125,(1+2)-EA,649.2,ge,75,10,BinVal,0
126,(1+5)-EA,801.0,gt,75,10,OneMax,0
127,(1+5)-EA,803.5,ge,75,10,OneMax,0
128,(1+5)-EA,5057.0,gt,75,10,LeadingOnes,0
129,(1+5)-EA,4869.0,ge,75,10,LeadingOnes,0
130,(1+5)-EA,68627.5,gt,75,10,Jump(3),8
131,(1+5)-EA,86501.5,ge,75,10,Jump(3),0
132,(1+5)-EA,5195.5,ge,75,10,RoyalRoads(5),0
133,(1+5)-EA,906.0,gt,75,10,BinVal,0
134,(1+5)-EA,908.0,ge,75,10,BinVal,0
135,(1+10)-EA,961.0,gt,75,10,OneMax,0
136,(1+10)-EA,808.0,ge,75,10,OneMax,0
137,(1+10)-EA,4324.0,gt,75,10,LeadingOnes,0
138,(1+10)-EA,4825.0,ge,75,10,LeadingOnes,0
139,(1+10)-EA,179880.0,gt,75,10,Jump(3),6
140,(1+10)-EA,62313.0,ge,75,10,Jump(3),0
141,(1+10)-EA,inf,gt,75,10,RoyalRoads(5),10
142,(1+10)-EA,5103.0,ge,75,10,RoyalRoads(5),0
143,(1+10)-EA,1095.0,gt,75,10,BinVal,0
144,(1+10)-EA,1188.0,ge,75,10,BinVal,0
145,RLS,430.1,gt,100,10,OneMax,0
146,RLS,515.7,ge,100,10,OneMax,0
147,RLS,5028.6,gt,100,10,LeadingOnes,0
148,RLS,4929.5,ge,100,10,LeadingOnes,0
149,RLS,127681.66666666667,ge,100,10,Jump(3),4
150,RLS,4344.8,ge,100,10,RoyalRoads(5),0
151,RLS,445.6,gt,100,10,BinVal,0
152,RLS,437.1,ge,100,10,BinVal,0
153,(1+1)-EA,954.5,gt,100,10,OneMax,0
154,(1+1)-EA,973.6,ge,100,10,OneMax,0
155,(1+1)-EA,8149.8,gt,100,10,LeadingOnes,0
156,(1+1)-EA,9454.5,ge,100,10,LeadingOnes,0
157,(1+1)-EA,inf,gt,100,10,Jump(3),10
158,(1+1)-EA,80600.75,ge,100,10,Jump(3),6
159,(1+1)-EA,6701.9,ge,100,10,RoyalRoads(5),0
160,(1+1)-EA,1072.0,gt,100,10,BinVal,0
161,(1+1)-EA,1074.4,ge,100,10,BinVal,0
162,(1+2)-EA,984.4,gt,100,10,OneMax,0
163,(1+2)-EA,1128.0,ge,100,10,OneMax,0
164,(1+2)-EA,8370.4,gt,100,10,LeadingOnes,0
165,(1+2)-EA,7115.6,ge,100,10,LeadingOnes,0
166,(1+2)-EA,inf,gt,100,10,Jump(3),10
167,(1+2)-EA,59286.0,ge,100,10,Jump(3),4
168,(1+2)-EA,8813.8,ge,100,10,RoyalRoads(5),0
169,(1+2)-EA,996.8,gt,100,10,BinVal,0
170,(1+2)-EA,1102.8,ge,100,10,BinVal,0
171,(1+5)-EA,1115.0,gt,100,10,OneMax,0
172,(1+5)-EA,1063.0,ge,100,10,OneMax,0
173,(1+5)-EA,7992.5,gt,100,10,LeadingOnes,0
174,(1+5)-EA,9673.5,ge,100,10,LeadingOnes,0
175,(1+5)-EA,inf,gt,100,10,Jump(3),10
176,(1+5)-EA,88457.0,ge,100,10,Jump(3),0
177,(1+5)-EA,10065.5,ge,100,10,RoyalRoads(5),0
178,(1+5)-EA,1258.5,gt,100,10,BinVal,0
179,(1+5)-EA,1180.0,ge,100,10,BinVal,0
180,(1+10)-EA,1196.0,gt,100,10,OneMax,0
181,(1+10)-EA,1455.0,ge,100,10,OneMax,0
182,(1+10)-EA,10244.0,gt,100,10,LeadingOnes,0
183,(1+10)-EA,8782.0,ge,100,10,LeadingOnes,0
184,(1+10)-EA,16530.0,gt,100,10,Jump(3),9
185,(1+10)-EA,65996.0,ge,100,10,Jump(3),0
186,(1+10)-EA,14109.0,ge,100,10,RoyalRoads(5),0
187,(1+10)-EA,1351.0,gt,100,10,BinVal,0
188,(1+10)-EA,1367.0,ge,100,10,BinVal,0
189,RLS,513.2,gt,125,10,OneMax,0
190,RLS,662.2,ge,125,10,OneMax,0
191,RLS,7545.8,gt,125,10,LeadingOnes,0
192,RLS,7473.8,ge,125,10,LeadingOnes,0
193,RLS,64213.333333333336,ge,125,10,Jump(3),4
194,RLS,7237.0,ge,125,10,RoyalRoads(5),0
195,RLS,574.3,gt,125,10,BinVal,0
196,RLS,538.2,ge,125,10,BinVal,0
197,(1+1)-EA,1460.5,gt,125,10,OneMax,0
198,(1+1)-EA,1637.5,ge,125,10,OneMax,0
199,(1+1)-EA,12747.9,gt,125,10,LeadingOnes,0
200,(1+1)-EA,14162.3,ge,125,10,LeadingOnes,0
201,(1+1)-EA,75851.33333333333,ge,125,10,Jump(3),7
202,(1+1)-EA,12600.5,ge,125,10,RoyalRoads(5),0
203,(1+1)-EA,1572.6,gt,125,10,BinVal,0
204,(1+1)-EA,1569.9,ge,125,10,BinVal,0
205,(1+2)-EA,1402.6,gt,125,10,OneMax,0
206,(1+2)-EA,1482.8,ge,125,10,OneMax,0
207,(1+2)-EA,13524.4,gt,125,10,LeadingOnes,0
208,(1+2)-EA,13964.0,ge,125,10,LeadingOnes,0
209,(1+2)-EA,78936.0,ge,125,10,Jump(3),7
210,(1+2)-EA,16304.6,ge,125,10,RoyalRoads(5),0
211,(1+2)-EA,1698.8,gt,125,10,BinVal,0
212,(1+2)-EA,1585.6,ge,125,10,BinVal,0
213,(1+5)-EA,1627.0,gt,125,10,OneMax,0
214,(1+5)-EA,1300.0,ge,125,10,OneMax,0
215,(1+5)-EA,14326.5,gt,125,10,LeadingOnes,0
216,(1+5)-EA,12251.5,ge,125,10,LeadingOnes,0
217,(1+5)-EA,71766.25,ge,125,10,Jump(3),6
218,(1+5)-EA,20661.5,ge,125,10,RoyalRoads(5),0
219,(1+5)-EA,1715.0,gt,125,10,BinVal,0
220,(1+5)-EA,1368.5,ge,125,10,BinVal,0
221,(1+10)-EA,1634.0,gt,125,10,OneMax,0
222,(1+10)-EA,1582.0,ge,125,10,OneMax,0
223,(1+10)-EA,12207.0,gt,125,10,LeadingOnes,0
224,(1+10)-EA,13834.0,ge,125,10,LeadingOnes,0
225,(1+10)-EA,inf,gt,125,10,Jump(3),10
226,(1+10)-EA,103052.5,ge,125,10,Jump(3),6
227,(1+10)-EA,26511.0,ge,125,10,RoyalRoads(5),0
228,(1+10)-EA,1836.0,gt,125,10,BinVal,0
229,(1+10)-EA,1680.0,ge,125,10,BinVal,0
230,RLS,678.7,gt,150,10,OneMax,0
231,RLS,725.8,ge,150,10,OneMax,0
232,RLS,11685.2,gt,150,10,LeadingOnes,0
233,RLS,11157.2,ge,150,10,LeadingOnes,0
234,RLS,128239.0,ge,150,10,Jump(3),8
235,RLS,13155.875,ge,150,10,RoyalRoads(5),2
236,RLS,722.1,gt,150,10,BinVal,0
237,RLS,719.5,ge,150,10,BinVal,0
238,(1+1)-EA,1634.8,gt,150,10,OneMax,0
239,(1+1)-EA,2004.3,ge,150,10,OneMax,0
240,(1+1)-EA,20211.8,gt,150,10,LeadingOnes,0
241,(1+1)-EA,20797.1,ge,150,10,LeadingOnes,0
242,(1+1)-EA,11128.5,ge,150,10,Jump(3),8
243,(1+1)-EA,23329.8,ge,150,10,RoyalRoads(5),0
244,(1+1)-EA,1793.8,gt,150,10,BinVal,0
245,(1+1)-EA,1666.8,ge,150,10,BinVal,0
246,(1+2)-EA,1776.8,gt,150,10,OneMax,0
247,(1+2)-EA,1513.2,ge,150,10,OneMax,0
248,(1+2)-EA,18763.0,gt,150,10,LeadingOnes,0
249,(1+2)-EA,18870.2,ge,150,10,LeadingOnes,0
250,(1+2)-EA,46453.0,ge,150,10,Jump(3),8
251,(1+2)-EA,22970.6,ge,150,10,RoyalRoads(5),0
252,(1+2)-EA,2005.6,gt,150,10,BinVal,0
253,(1+2)-EA,1712.8,ge,150,10,BinVal,0
254,(1+5)-EA,1850.0,gt,150,10,OneMax,0
255,(1+5)-EA,2165.5,ge,150,10,OneMax,0
256,(1+5)-EA,19877.5,gt,150,10,LeadingOnes,0
257,(1+5)-EA,21999.5,ge,150,10,LeadingOnes,0
258,(1+5)-EA,103948.0,ge,150,10,Jump(3),5
259,(1+5)-EA,32095.0,ge,150,10,RoyalRoads(5),0
260,(1+5)-EA,2099.0,gt,150,10,BinVal,0
261,(1+5)-EA,2088.5,ge,150,10,BinVal,0
262,(1+10)-EA,2175.0,gt,150,10,OneMax,0
263,(1+10)-EA,2119.0,ge,150,10,OneMax,0
264,(1+10)-EA,18566.0,gt,150,10,LeadingOnes,0
265,(1+10)-EA,20354.0,ge,150,10,LeadingOnes,0
266,(1+10)-EA,inf,ge,150,10,Jump(3),10
267,(1+10)-EA,40649.0,ge,150,10,RoyalRoads(5),0
268,(1+10)-EA,2196.0,gt,150,10,BinVal,0
269,(1+10)-EA,2380.0,ge,150,10,BinVal,0
270,RLS,931.5,gt,175,10,OneMax,0
271,RLS,889.5,ge,175,10,OneMax,0
272,RLS,14599.2,gt,175,10,LeadingOnes,0
273,RLS,15527.7,ge,175,10,LeadingOnes,0
274,RLS,inf,ge,175,10,Jump(3),10
275,RLS,20520.2,ge,175,10,RoyalRoads(5),0
276,RLS,931.1,gt,175,10,BinVal,0
277,RLS,883.1,ge,175,10,BinVal,0
278,(1+1)-EA,2604.5,gt,175,10,OneMax,0
279,(1+1)-EA,2056.6,ge,175,10,OneMax,0
280,(1+1)-EA,24601.2,gt,175,10,LeadingOnes,0
281,(1+1)-EA,25411.1,ge,175,10,LeadingOnes,0
282,(1+1)-EA,inf,ge,175,10,Jump(3),10
283,(1+1)-EA,29478.0,ge,175,10,RoyalRoads(5),6
284,(1+1)-EA,2403.9,gt,175,10,BinVal,0
285,(1+1)-EA,2217.8,ge,175,10,BinVal,0
286,(1+2)-EA,2476.0,gt,175,10,OneMax,0
287,(1+2)-EA,2279.0,ge,175,10,OneMax,0
288,(1+2)-EA,28323.4,gt,175,10,LeadingOnes,0
289,(1+2)-EA,27604.2,ge,175,10,LeadingOnes,0
290,(1+2)-EA,inf,ge,175,10,Jump(3),10
291,(1+2)-EA,31869.333333333332,ge,175,10,RoyalRoads(5),4
292,(1+2)-EA,2284.222222222222,gt,175,10,BinVal,1
293,(1+2)-EA,2043.0,ge,175,10,BinVal,0
294,(1+5)-EA,2543.5,gt,175,10,OneMax,0
295,(1+5)-EA,2062.5,ge,175,10,OneMax,0
296,(1+5)-EA,26222.5,gt,175,10,LeadingOnes,0
297,(1+5)-EA,28182.0,ge,175,10,LeadingOnes,0
298,(1+5)-EA,112202.5,ge,175,10,Jump(3),8
299,(1+5)-EA,37318.75,ge,175,10,RoyalRoads(5),6
300,(1+5)-EA,2498.0,gt,175,10,BinVal,0
301,(1+5)-EA,2380.0,ge,175,10,BinVal,0
302,(1+10)-EA,2391.0,gt,175,10,OneMax,0
303,(1+10)-EA,2653.0,ge,175,10,OneMax,0
304,(1+10)-EA,25284.0,gt,175,10,LeadingOnes,0
305,(1+10)-EA,27014.0,ge,175,10,LeadingOnes,0
306,(1+10)-EA,56545.0,ge,175,10,RoyalRoads(5),8
307,(1+10)-EA,2595.0,gt,175,10,BinVal,0
308,(1+10)-EA,3179.0,ge,175,10,BinVal,0
309,RLS,1162.0,gt,200,10,OneMax,0
310,RLS,930.3,ge,200,10,OneMax,0
311,RLS,19806.8,gt,200,10,LeadingOnes,0
312,RLS,20933.0,ge,200,10,LeadingOnes,0
313,RLS,26790.125,ge,200,10,RoyalRoads(5),2
314,RLS,988.9,gt,200,10,BinVal,0
315,RLS,957.6,ge,200,10,BinVal,0
316,(1+1)-EA,2369.0,gt,200,10,OneMax,0
317,(1+1)-EA,2225.0,ge,200,10,OneMax,0
318,(1+1)-EA,34343.5,gt,200,10,LeadingOnes,0
319,(1+1)-EA,33556.1,ge,200,10,LeadingOnes,0
320,(1+1)-EA,29021.0,ge,200,10,RoyalRoads(5),9
321,(1+1)-EA,2881.7,gt,200,10,BinVal,0
322,(1+1)-EA,2522.9,ge,200,10,BinVal,0
323,(1+2)-EA,2582.2,gt,200,10,OneMax,0
324,(1+2)-EA,2543.2,ge,200,10,OneMax,0
325,(1+2)-EA,33571.8,gt,200,10,LeadingOnes,0
326,(1+2)-EA,36580.8,ge,200,10,LeadingOnes,0
327,(1+2)-EA,38987.0,ge,200,10,RoyalRoads(5),8
328,(1+2)-EA,2699.0,gt,200,10,BinVal,0
329,(1+2)-EA,2886.4,ge,200,10,BinVal,0
330,(1+5)-EA,2944.5,gt,200,10,OneMax,0
331,(1+5)-EA,2677.5,ge,200,10,OneMax,0
332,(1+5)-EA,33779.0,gt,200,10,LeadingOnes,0
333,(1+5)-EA,34251.0,ge,200,10,LeadingOnes,0
334,(1+5)-EA,inf,ge,200,10,Jump(3),10
335,(1+5)-EA,inf,ge,200,10,RoyalRoads(5),10
336,(1+5)-EA,3144.4444444444443,gt,200,10,BinVal,1
337,(1+5)-EA,2720.5,ge,200,10,BinVal,0
338,(1+10)-EA,2924.0,gt,200,10,OneMax,0
339,(1+10)-EA,3451.0,ge,200,10,OneMax,0
340,(1+10)-EA,32724.0,gt,200,10,LeadingOnes,0
341,(1+10)-EA,35690.0,ge,200,10,LeadingOnes,0
342,(1+10)-EA,inf,ge,200,10,RoyalRoads(5),10
343,(1+10)-EA,3199.0,gt,200,10,BinVal,0
344,(1+10)-EA,3446.0,ge,200,10,BinVal,0
345,RLS,1248.8,gt,225,10,OneMax,0
346,RLS,1403.8,ge,225,10,OneMax,0
347,RLS,25293.8,gt,225,10,LeadingOnes,0
348,RLS,25933.3,ge,225,10,LeadingOnes,0
349,RLS,28347.25,ge,225,10,RoyalRoads(5),6
350,RLS,1077.4444444444443,gt,225,10,BinVal,1
351,RLS,1163.8,ge,225,10,BinVal,0
352,(1+1)-EA,2688.5,gt,225,10,OneMax,0
353,(1+1)-EA,2578.3,ge,225,10,OneMax,0
354,(1+1)-EA,45154.3,gt,225,10,LeadingOnes,0
355,(1+1)-EA,43654.3,ge,225,10,LeadingOnes,0
356,(1+1)-EA,inf,ge,225,10,RoyalRoads(5),10
357,(1+1)-EA,3002.6,gt,225,10,BinVal,0
358,(1+1)-EA,3013.8,ge,225,10,BinVal,0
359,(1+2)-EA,2597.6,gt,225,10,OneMax,0
360,(1+2)-EA,2958.8,ge,225,10,OneMax,0
361,(1+2)-EA,44673.0,gt,225,10,LeadingOnes,0
362,(1+2)-EA,43318.2,ge,225,10,LeadingOnes,0
363,(1+2)-EA,inf,ge,225,10,RoyalRoads(5),10
364,(1+2)-EA,3051.4,gt,225,10,BinVal,0
365,(1+2)-EA,2850.0,ge,225,10,BinVal,0
366,(1+5)-EA,2633.5,gt,225,10,OneMax,0
367,(1+5)-EA,3042.5,ge,225,10,OneMax,0
368,(1+5)-EA,43197.5,gt,225,10,LeadingOnes,0
369,(1+5)-EA,46449.0,ge,225,10,LeadingOnes,0
370,(1+5)-EA,3396.0,gt,225,10,BinVal,0
371,(1+5)-EA,3762.5,ge,225,10,BinVal,0
372,(1+10)-EA,3231.0,gt,225,10,OneMax,0
373,(1+10)-EA,3468.0,ge,225,10,OneMax,0
374,(1+10)-EA,41968.0,gt,225,10,LeadingOnes,0
375,(1+10)-EA,44064.0,ge,225,10,LeadingOnes,0
376,(1+10)-EA,3568.0,gt,225,10,BinVal,0
377,(1+10)-EA,4002.0,ge,225,10,BinVal,0
378,RLS,1427.1,gt,250,10,OneMax,0
379,RLS,1302.3,ge,250,10,OneMax,0
380,RLS,30440.9,gt,250,10,LeadingOnes,0
381,RLS,31205.0,ge,250,10,LeadingOnes,0
382,RLS,inf,ge,250,10,RoyalRoads(5),10
383,RLS,1363.1,gt,250,10,BinVal,0
384,RLS,1473.5,ge,250,10,BinVal,0
385,(1+1)-EA,2867.3,gt,250,10,OneMax,0
386,(1+1)-EA,3570.8,ge,250,10,OneMax,0
387,(1+1)-EA,52861.6,gt,250,10,LeadingOnes,0
388,(1+1)-EA,55832.1,ge,250,10,LeadingOnes,0
389,(1+1)-EA,3445.4,gt,250,10,BinVal,0
390,(1+1)-EA,3387.3,ge,250,10,BinVal,0
391,(1+2)-EA,3541.0,gt,250,10,OneMax,0
392,(1+2)-EA,2959.6,ge,250,10,OneMax,0
393,(1+2)-EA,56714.0,gt,250,10,LeadingOnes,0
394,(1+2)-EA,54566.4,ge,250,10,LeadingOnes,0
395,(1+2)-EA,3260.8,gt,250,10,BinVal,0
396,(1+2)-EA,3422.2,ge,250,10,BinVal,0
397,(1+5)-EA,3333.0,gt,250,10,OneMax,0
398,(1+5)-EA,3215.5,ge,250,10,OneMax,0
399,(1+5)-EA,52596.42857142857,gt,250,10,LeadingOnes,3
400,(1+5)-EA,54056.5,ge,250,10,LeadingOnes,0
401,(1+5)-EA,3809.5,gt,250,10,BinVal,0
402,(1+5)-EA,3597.0,ge,250,10,BinVal,0
403,(1+10)-EA,3709.0,gt,250,10,OneMax,0
404,(1+10)-EA,4041.0,ge,250,10,OneMax,0
405,(1+10)-EA,53609.0,gt,250,10,LeadingOnes,0
406,(1+10)-EA,56794.0,ge,250,10,LeadingOnes,0
407,(1+10)-EA,4554.0,gt,250,10,BinVal,0
408,(1+10)-EA,4062.0,ge,250,10,BinVal,0
409,RLS,1699.8,gt,275,10,OneMax,0
410,RLS,1615.1,ge,275,10,OneMax,0
411,RLS,38766.2,gt,275,10,LeadingOnes,0
412,RLS,38115.4,ge,275,10,LeadingOnes,0
413,RLS,1383.5,gt,275,10,BinVal,0
414,RLS,1589.6,ge,275,10,BinVal,0
415,(1+1)-EA,3713.9,gt,275,10,OneMax,0
416,(1+1)-EA,3706.9,ge,275,10,OneMax,0
417,(1+1)-EA,65211.2,gt,275,10,LeadingOnes,0
418,(1+1)-EA,61981.9,ge,275,10,LeadingOnes,0
419,(1+1)-EA,3766.6,gt,275,10,BinVal,0
420,(1+1)-EA,4530.0,ge,275,10,BinVal,0
421,(1+2)-EA,3657.6,gt,275,10,OneMax,0
422,(1+2)-EA,3420.2,ge,275,10,OneMax,0
423,(1+2)-EA,69606.8,gt,275,10,LeadingOnes,0
424,(1+2)-EA,65256.2,ge,275,10,LeadingOnes,0
425,(1+2)-EA,4024.8,gt,275,10,BinVal,0
426,(1+2)-EA,3939.6,ge,275,10,BinVal,0
427,(1+5)-EA,3531.5,gt,275,10,OneMax,0
428,(1+5)-EA,3792.5,ge,275,10,OneMax,0
429,(1+5)-EA,63831.0,gt,275,10,LeadingOnes,0
430,(1+5)-EA,64144.0,ge,275,10,LeadingOnes,0
431,(1+5)-EA,4393.0,gt,275,10,BinVal,0
432,(1+5)-EA,4710.5,ge,275,10,BinVal,0
433,(1+10)-EA,4356.0,gt,275,10,OneMax,0
434,(1+10)-EA,3965.0,ge,275,10,OneMax,0
435,(1+10)-EA,65414.0,gt,275,10,LeadingOnes,0
436,(1+10)-EA,65560.0,ge,275,10,LeadingOnes,0
437,(1+10)-EA,4581.0,gt,275,10,BinVal,0
438,(1+10)-EA,5012.0,ge,275,10,BinVal,0
439,RLS,1670.7,gt,300,10,OneMax,0
440,RLS,1751.7,ge,300,10,OneMax,0
441,RLS,43355.9,gt,300,10,LeadingOnes,0
442,RLS,42965.1,ge,300,10,LeadingOnes,0
443,RLS,1594.5,gt,300,10,BinVal,0
444,RLS,1606.3,ge,300,10,BinVal,0
445,(1+1)-EA,3989.2,gt,300,10,OneMax,0
446,(1+1)-EA,3789.9,ge,300,10,OneMax,0
447,(1+1)-EA,79999.1,gt,300,10,LeadingOnes,0
448,(1+1)-EA,73020.0,ge,300,10,LeadingOnes,0
449,(1+1)-EA,4369.8,gt,300,10,BinVal,0
450,(1+1)-EA,4196.1,ge,300,10,BinVal,0
451,(1+2)-EA,4290.0,gt,300,10,OneMax,0
452,(1+2)-EA,4446.2,ge,300,10,OneMax,0
453,(1+2)-EA,76486.8,gt,300,10,LeadingOnes,0
454,(1+2)-EA,72721.0,ge,300,10,LeadingOnes,0
455,(1+2)-EA,3676.4,gt,300,10,BinVal,0
456,(1+2)-EA,4815.2,ge,300,10,BinVal,0
457,(1+5)-EA,4755.5,gt,300,10,OneMax,0
458,(1+5)-EA,3949.0,ge,300,10,OneMax,0
459,(1+5)-EA,79931.0,gt,300,10,LeadingOnes,0
460,(1+5)-EA,79615.5,ge,300,10,LeadingOnes,0
461,(1+5)-EA,4530.0,gt,300,10,BinVal,0
462,(1+5)-EA,5238.5,ge,300,10,BinVal,0
463,(1+10)-EA,4150.0,gt,300,10,OneMax,0
464,(1+10)-EA,4242.0,ge,300,10,OneMax,0
465,(1+10)-EA,78891.0,gt,300,10,LeadingOnes,0
466,(1+10)-EA,73960.0,ge,300,10,LeadingOnes,0
467,(1+10)-EA,5496.0,gt,300,10,BinVal,0
468,(1+10)-EA,5736.0,ge,300,10,BinVal,0
469,RLS,1720.4,gt,325,10,OneMax,0
470,RLS,1935.7,ge,325,10,OneMax,0
471,RLS,52207.6,gt,325,10,LeadingOnes,0
472,RLS,53025.4,ge,325,10,LeadingOnes,0
473,RLS,1773.7,gt,325,10,BinVal,0
474,RLS,1692.4,ge,325,10,BinVal,0
475,(1+1)-EA,5107.4,gt,325,10,OneMax,0
476,(1+1)-EA,4306.5,ge,325,10,OneMax,0
477,(1+1)-EA,90915.4,gt,325,10,LeadingOnes,0
478,(1+1)-EA,93974.6,ge,325,10,LeadingOnes,0
479,(1+1)-EA,4249.9,gt,325,10,BinVal,0
480,(1+1)-EA,4666.2,ge,325,10,BinVal,0
481,(1+2)-EA,4734.0,gt,325,10,OneMax,0
482,(1+2)-EA,4923.0,ge,325,10,OneMax,0
483,(1+2)-EA,92446.6,gt,325,10,LeadingOnes,0
484,(1+2)-EA,90862.4,ge,325,10,LeadingOnes,0
485,(1+2)-EA,5502.8,gt,325,10,BinVal,0
486,(1+2)-EA,4707.4,ge,325,10,BinVal,0
487,(1+5)-EA,5306.0,gt,325,10,OneMax,0
488,(1+5)-EA,4666.5,ge,325,10,OneMax,0
489,(1+5)-EA,90669.0,gt,325,10,LeadingOnes,0
490,(1+5)-EA,88966.5,ge,325,10,LeadingOnes,0
491,(1+5)-EA,4959.0,gt,325,10,BinVal,0
492,(1+5)-EA,5317.5,ge,325,10,BinVal,0
493,(1+10)-EA,5132.0,gt,325,10,OneMax,0
494,(1+10)-EA,5351.0,ge,325,10,OneMax,0
495,(1+10)-EA,91169.0,gt,325,10,LeadingOnes,0
496,(1+10)-EA,94716.0,ge,325,10,LeadingOnes,0
497,(1+10)-EA,5749.0,gt,325,10,BinVal,0
498,(1+10)-EA,6403.0,ge,325,10,BinVal,0
499,RLS,1935.4,gt,350,10,OneMax,0
500,RLS,1796.7,ge,350,10,OneMax,0
501,RLS,61739.857142857145,gt,350,10,LeadingOnes,3
502,RLS,63282.8,ge,350,10,LeadingOnes,0
503,RLS,1865.6,gt,350,10,BinVal,0
504,RLS,2014.9,ge,350,10,BinVal,0
505,(1+1)-EA,4646.5,gt,350,10,OneMax,0
506,(1+1)-EA,4485.6,ge,350,10,OneMax,0
507,(1+1)-EA,109381.9,gt,350,10,LeadingOnes,0
508,(1+1)-EA,112125.5,ge,350,10,LeadingOnes,0
509,(1+1)-EA,5282.6,gt,350,10,BinVal,0
510,(1+1)-EA,5038.9,ge,350,10,BinVal,0
511,(1+2)-EA,5104.0,gt,350,10,OneMax,0
512,(1+2)-EA,5539.2,ge,350,10,OneMax,0
513,(1+2)-EA,108860.4,gt,350,10,LeadingOnes,0
514,(1+2)-EA,105628.8,ge,350,10,LeadingOnes,0
515,(1+2)-EA,4941.4,gt,350,10,BinVal,0
516,(1+2)-EA,5151.714285714285,ge,350,10,BinVal,3
517,(1+5)-EA,5557.5,gt,350,10,OneMax,0
518,(1+5)-EA,4997.0,ge,350,10,OneMax,0
519,(1+5)-EA,105139.5,gt,350,10,LeadingOnes,0
520,(1+5)-EA,112452.0,ge,350,10,LeadingOnes,0
521,(1+5)-EA,6000.0,gt,350,10,BinVal,0
522,(1+5)-EA,6036.5,ge,350,10,BinVal,0
523,(1+10)-EA,5614.0,gt,350,10,OneMax,0
524,(1+10)-EA,5366.0,ge,350,10,OneMax,0
525,(1+10)-EA,105816.0,gt,350,10,LeadingOnes,0
526,(1+10)-EA,107695.0,ge,350,10,LeadingOnes,0
527,(1+10)-EA,6013.0,gt,350,10,BinVal,0
528,(1+10)-EA,6925.0,ge,350,10,BinVal,2
529,RLS,2507.5,gt,375,10,OneMax,0
530,RLS,2267.1,ge,375,10,OneMax,0
531,RLS,70393.2,gt,375,10,LeadingOnes,0
532,RLS,75926.9,ge,375,10,LeadingOnes,0
533,RLS,2199.1,gt,375,10,BinVal,0
534,RLS,2050.7,ge,375,10,BinVal,0
535,(1+1)-EA,5280.0,gt,375,10,OneMax,0
536,(1+1)-EA,5456.2,ge,375,10,OneMax,0
537,(1+1)-EA,122001.5,gt,375,10,LeadingOnes,0
538,(1+1)-EA,125071.9,ge,375,10,LeadingOnes,0
539,(1+1)-EA,5155.9,gt,375,10,BinVal,0
540,(1+1)-EA,5093.8,ge,375,10,BinVal,0
541,(1+2)-EA,5246.2,gt,375,10,OneMax,0
542,(1+2)-EA,5498.4,ge,375,10,OneMax,0
543,(1+2)-EA,121229.2,gt,375,10,LeadingOnes,0
544,(1+2)-EA,121265.6,ge,375,10,LeadingOnes,0
545,(1+2)-EA,5704.2,gt,375,10,BinVal,0
546,(1+2)-EA,5414.6,ge,375,10,BinVal,0
547,(1+5)-EA,5993.0,gt,375,10,OneMax,0
548,(1+5)-EA,5783.0,ge,375,10,OneMax,0
549,(1+5)-EA,118975.0,gt,375,10,LeadingOnes,0
550,(1+5)-EA,123779.0,ge,375,10,LeadingOnes,0
551,(1+5)-EA,6635.0,gt,375,10,BinVal,0
552,(1+5)-EA,6168.0,ge,375,10,BinVal,0
553,(1+10)-EA,6677.0,gt,375,10,OneMax,0
554,(1+10)-EA,7230.0,ge,375,10,OneMax,0
555,(1+10)-EA,121338.0,gt,375,10,LeadingOnes,0
556,(1+10)-EA,120702.0,ge,375,10,LeadingOnes,0
557,(1+10)-EA,6237.0,gt,375,10,BinVal,0
558,(1+10)-EA,6660.0,ge,375,10,BinVal,0
559,RLS,2078.6,gt,400,10,OneMax,0
560,RLS,2257.2,ge,400,10,OneMax,0
561,RLS,80958.8,gt,400,10,LeadingOnes,0
562,RLS,79498.4,ge,400,10,LeadingOnes,0
563,RLS,2401.2,gt,400,10,BinVal,0
564,RLS,2310.0,ge,400,10,BinVal,0
565,(1+1)-EA,5782.9,gt,400,10,OneMax,0
566,(1+1)-EA,5353.5,ge,400,10,OneMax,0
567,(1+1)-EA,131804.6,gt,400,10,LeadingOnes,0
568,(1+1)-EA,135210.7,ge,400,10,LeadingOnes,0
569,(1+1)-EA,6417.4,gt,400,10,BinVal,0
570,(1+1)-EA,6309.8,ge,400,10,BinVal,0
571,(1+2)-EA,6039.8,gt,400,10,OneMax,0
572,(1+2)-EA,5765.6,ge,400,10,OneMax,0
573,(1+2)-EA,135185.6,gt,400,10,LeadingOnes,0
574,(1+2)-EA,136831.6,ge,400,10,LeadingOnes,0
575,(1+2)-EA,6209.0,gt,400,10,BinVal,0
576,(1+2)-EA,6394.0,ge,400,10,BinVal,0
577,(1+5)-EA,6742.0,gt,400,10,OneMax,0
578,(1+5)-EA,5386.5,ge,400,10,OneMax,0
579,(1+5)-EA,129621.5,gt,400,10,LeadingOnes,0
580,(1+5)-EA,145512.5,ge,400,10,LeadingOnes,0
581,(1+5)-EA,6840.5,gt,400,10,BinVal,0
582,(1+5)-EA,5980.0,ge,400,10,BinVal,0
583,(1+10)-EA,6361.0,gt,400,10,OneMax,0
584,(1+10)-EA,6702.0,ge,400,10,OneMax,0
585,(1+10)-EA,142443.0,gt,400,10,LeadingOnes,0
586,(1+10)-EA,140157.0,ge,400,10,LeadingOnes,0
587,(1+10)-EA,7067.0,gt,400,10,BinVal,0
588,(1+10)-EA,7910.0,ge,400,10,BinVal,0
589,RLS,2575.0,gt,425,10,OneMax,0
590,RLS,2410.3,ge,425,10,OneMax,0
591,RLS,92494.7,gt,425,10,LeadingOnes,0
592,RLS,88885.9,ge,425,10,LeadingOnes,0
593,RLS,2458.6,gt,425,10,BinVal,0
594,RLS,2731.0,ge,425,10,BinVal,3
595,(1+1)-EA,6513.8,gt,425,10,OneMax,0
596,(1+1)-EA,6221.9,ge,425,10,OneMax,0
597,(1+1)-EA,155240.8,gt,425,10,LeadingOnes,0
598,(1+1)-EA,157585.0,ge,425,10,LeadingOnes,0
599,(1+1)-EA,7688.1,gt,425,10,BinVal,0
600,(1+1)-EA,6694.8,ge,425,10,BinVal,0
601,(1+2)-EA,6517.4,gt,425,10,OneMax,0
602,(1+2)-EA,6253.8,ge,425,10,OneMax,0
603,(1+2)-EA,157513.2,gt,425,10,LeadingOnes,0
604,(1+2)-EA,150769.4,ge,425,10,LeadingOnes,0
605,(1+2)-EA,6529.0,gt,425,10,BinVal,0
606,(1+2)-EA,6367.428571428572,ge,425,10,BinVal,3
607,(1+5)-EA,7401.0,gt,425,10,OneMax,0
608,(1+5)-EA,6700.5,ge,425,10,OneMax,0
609,(1+5)-EA,155026.5,gt,425,10,LeadingOnes,0
610,(1+5)-EA,157596.5,ge,425,10,LeadingOnes,0
611,(1+5)-EA,7090.714285714285,gt,425,10,BinVal,3
612,(1+5)-EA,6991.0,ge,425,10,BinVal,0
613,(1+10)-EA,7034.0,gt,425,10,OneMax,0
614,(1+10)-EA,7751.0,ge,425,10,OneMax,0
615,(1+10)-EA,160685.0,gt,425,10,LeadingOnes,0
616,(1+10)-EA,163995.0,ge,425,10,LeadingOnes,0
617,(1+10)-EA,8024.285714285715,gt,425,10,BinVal,3
618,(1+10)-EA,7522.0,ge,425,10,BinVal,0
619,RLS,2408.8,gt,450,10,OneMax,0
620,RLS,2962.0,ge,450,10,OneMax,0
621,RLS,99865.4,gt,450,10,LeadingOnes,0
622,RLS,100236.1,ge,450,10,LeadingOnes,0
623,RLS,2674.2,gt,450,10,BinVal,0
624,RLS,2563.1,ge,450,10,BinVal,0
625,(1+1)-EA,6527.6,gt,450,10,OneMax,0
626,(1+1)-EA,7437.9,ge,450,10,OneMax,0
627,(1+1)-EA,171218.5,gt,450,10,LeadingOnes,0
628,(1+1)-EA,174257.22222222222,ge,450,10,LeadingOnes,1
629,(1+1)-EA,7439.0,gt,450,10,BinVal,0
630,(1+1)-EA,7341.2,ge,450,10,BinVal,0
631,(1+2)-EA,6372.0,gt,450,10,OneMax,0
632,(1+2)-EA,6847.4,ge,450,10,OneMax,0
633,(1+2)-EA,169074.8,gt,450,10,LeadingOnes,0
634,(1+2)-EA,172516.2,ge,450,10,LeadingOnes,0
635,(1+2)-EA,6832.8,gt,450,10,BinVal,0
636,(1+2)-EA,7290.4,ge,450,10,BinVal,0
637,(1+5)-EA,6973.0,gt,450,10,OneMax,0
638,(1+5)-EA,6913.0,ge,450,10,OneMax,0
639,(1+5)-EA,168920.0,gt,450,10,LeadingOnes,0
640,(1+5)-EA,176641.0,ge,450,10,LeadingOnes,0
641,(1+5)-EA,6948.0,gt,450,10,BinVal,0
642,(1+5)-EA,7893.5,ge,450,10,BinVal,0
643,(1+10)-EA,7503.0,gt,450,10,OneMax,0
644,(1+10)-EA,7863.0,ge,450,10,OneMax,0
645,(1+10)-EA,173185.0,gt,450,10,LeadingOnes,0
646,(1+10)-EA,172425.0,ge,450,10,LeadingOnes,0
647,(1+10)-EA,8730.0,gt,450,10,BinVal,0
648,(1+10)-EA,7983.0,ge,450,10,BinVal,0
649,RLS,2898.0,gt,475,10,OneMax,0
650,RLS,2754.3,ge,475,10,OneMax,0
651,RLS,109862.6,gt,475,10,LeadingOnes,0
652,RLS,113789.8,ge,475,10,LeadingOnes,0
653,RLS,3001.6,gt,475,10,BinVal,0
654,RLS,2958.6,ge,475,10,BinVal,0
655,(1+1)-EA,6618.8,gt,475,10,OneMax,0
656,(1+1)-EA,6830.1,ge,475,10,OneMax,0
657,(1+1)-EA,204221.2,gt,475,10,LeadingOnes,0
658,(1+1)-EA,200614.4,ge,475,10,LeadingOnes,0
659,(1+1)-EA,6969.0,gt,475,10,BinVal,0
660,(1+1)-EA,6894.1,ge,475,10,BinVal,0
661,(1+2)-EA,6444.6,gt,475,10,OneMax,0
662,(1+2)-EA,6816.2,ge,475,10,OneMax,0
663,(1+2)-EA,198692.88888888888,gt,475,10,LeadingOnes,1
664,(1+2)-EA,193524.6,ge,475,10,LeadingOnes,0
665,(1+2)-EA,6953.6,gt,475,10,BinVal,0
666,(1+2)-EA,6844.0,ge,475,10,BinVal,4
667,(1+5)-EA,6331.5,gt,475,10,OneMax,0
668,(1+5)-EA,8804.0,ge,475,10,OneMax,0
669,(1+5)-EA,195311.25,gt,475,10,LeadingOnes,2
670,(1+5)-EA,192423.0,ge,475,10,LeadingOnes,0
671,(1+5)-EA,7819.5,gt,475,10,BinVal,0
672,(1+5)-EA,8960.625,ge,475,10,BinVal,2
673,(1+10)-EA,7213.0,gt,475,10,OneMax,0
674,(1+10)-EA,8551.0,ge,475,10,OneMax,0
675,(1+10)-EA,189220.0,gt,475,10,LeadingOnes,2
676,(1+10)-EA,190648.0,ge,475,10,LeadingOnes,0
677,(1+10)-EA,9066.0,gt,475,10,BinVal,0
678,(1+10)-EA,8535.555555555555,ge,475,10,BinVal,1
679,RLS,2891.2,gt,500,10,OneMax,0
680,RLS,2924.3,ge,500,10,OneMax,0
681,RLS,126004.88888888889,gt,500,10,LeadingOnes,1
682,RLS,118376.3,ge,500,10,LeadingOnes,0
683,RLS,3165.6,gt,500,10,BinVal,0
684,RLS,2810.7,ge,500,10,BinVal,0
685,(1+1)-EA,7326.0,gt,500,10,OneMax,0
686,(1+1)-EA,7944.6,ge,500,10,OneMax,0
687,(1+1)-EA,203617.33333333334,gt,500,10,LeadingOnes,7
688,(1+1)-EA,198524.0,ge,500,10,LeadingOnes,9
689,(1+1)-EA,7760.7,gt,500,10,BinVal,0
690,(1+1)-EA,7950.8,ge,500,10,BinVal,0
691,(1+2)-EA,7120.6,gt,500,10,OneMax,0
692,(1+2)-EA,7015.0,ge,500,10,OneMax,0
693,(1+2)-EA,218636.0,gt,500,10,LeadingOnes,0
694,(1+2)-EA,214822.0,ge,500,10,LeadingOnes,9
695,(1+2)-EA,8300.6,gt,500,10,BinVal,0
696,(1+2)-EA,7434.4,ge,500,10,BinVal,0
697,(1+5)-EA,8487.5,gt,500,10,OneMax,0
698,(1+5)-EA,8177.0,ge,500,10,OneMax,0
699,(1+5)-EA,215069.5,gt,500,10,LeadingOnes,0
700,(1+5)-EA,221280.0,ge,500,10,LeadingOnes,0
701,(1+5)-EA,8094.0,gt,500,10,BinVal,0
702,(1+5)-EA,8315.0,ge,500,10,BinVal,4
703,(1+10)-EA,8463.0,gt,500,10,OneMax,0
704,(1+10)-EA,8910.0,ge,500,10,OneMax,0
705,(1+10)-EA,214443.33333333334,gt,500,10,LeadingOnes,1
706,(1+10)-EA,216415.0,ge,500,10,LeadingOnes,0
707,(1+10)-EA,10748.0,gt,500,10,BinVal,0
708,(1+10)-EA,9729.0,ge,500,10,BinVal,0
709,RLS,3140.0,gt,525,10,OneMax,0
710,RLS,3405.8,ge,525,10,OneMax,0
711,RLS,140195.5,gt,525,10,LeadingOnes,0
712,RLS,138388.7,ge,525,10,LeadingOnes,0
713,RLS,3333.3,gt,525,10,BinVal,0
714,RLS,3070.0,ge,525,10,BinVal,0
715,(1+1)-EA,7788.2,gt,525,10,OneMax,0
716,(1+1)-EA,8137.6,ge,525,10,OneMax,0
717,(1+1)-EA,207789.66666666666,gt,525,10,LeadingOnes,7
718,(1+1)-EA,inf,ge,525,10,LeadingOnes,10
719,(1+1)-EA,7921.1,gt,525,10,BinVal,0
720,(1+1)-EA,8282.5,ge,525,10,BinVal,0
721,(1+2)-EA,7147.8,gt,525,10,OneMax,0
722,(1+2)-EA,7647.0,ge,525,10,OneMax,0
723,(1+2)-EA,227405.2,gt,525,10,LeadingOnes,5
724,(1+2)-EA,230244.0,ge,525,10,LeadingOnes,6
725,(1+2)-EA,8327.4,gt,525,10,BinVal,0
726,(1+2)-EA,8168.0,ge,525,10,BinVal,4
727,(1+5)-EA,7993.5,gt,525,10,OneMax,0
728,(1+5)-EA,9570.0,ge,525,10,OneMax,0
729,(1+5)-EA,242006.0,gt,525,10,LeadingOnes,5
730,(1+5)-EA,239288.0,ge,525,10,LeadingOnes,0
731,(1+5)-EA,8106.0,gt,525,10,BinVal,0
732,(1+5)-EA,7519.166666666667,ge,525,10,BinVal,4
733,(1+10)-EA,7961.0,gt,525,10,OneMax,0
734,(1+10)-EA,8660.0,ge,525,10,OneMax,0
735,(1+10)-EA,226122.0,gt,525,10,LeadingOnes,5
736,(1+10)-EA,240230.0,ge,525,10,LeadingOnes,0
737,(1+10)-EA,10610.0,gt,525,10,BinVal,0
738,(1+10)-EA,9170.0,ge,525,10,BinVal,0
739,RLS,3161.7,gt,550,10,OneMax,0
740,RLS,3477.3,ge,550,10,OneMax,0
741,RLS,154272.6,gt,550,10,LeadingOnes,0
742,RLS,160469.9,ge,550,10,LeadingOnes,0
743,RLS,3290.285714285714,gt,550,10,BinVal,3
744,RLS,3566.5,ge,550,10,BinVal,0
745,(1+1)-EA,9017.3,gt,550,10,OneMax,0
746,(1+1)-EA,8267.5,ge,550,10,OneMax,0
747,(1+1)-EA,inf,gt,550,10,LeadingOnes,10
748,(1+1)-EA,9170.166666666666,gt,550,10,BinVal,4
749,(1+1)-EA,8315.0,ge,550,10,BinVal,1
750,(1+2)-EA,8136.4,gt,550,10,OneMax,0
751,(1+2)-EA,8557.8,ge,550,10,OneMax,0
752,(1+2)-EA,236568.0,gt,550,10,LeadingOnes,9
753,(1+2)-EA,inf,ge,550,10,LeadingOnes,10
754,(1+2)-EA,8328.8,gt,550,10,BinVal,0
755,(1+2)-EA,7859.0,ge,550,10,BinVal,4
756,(1+5)-EA,8244.5,gt,550,10,OneMax,0
757,(1+5)-EA,7750.5,ge,550,10,OneMax,0
758,(1+5)-EA,252543.33333333334,gt,550,10,LeadingOnes,7
759,(1+5)-EA,247345.0,ge,550,10,LeadingOnes,6
760,(1+5)-EA,9079.375,gt,550,10,BinVal,2
761,(1+5)-EA,8573.75,ge,550,10,BinVal,2
762,(1+10)-EA,10618.0,gt,550,10,OneMax,0
763,(1+10)-EA,9501.0,ge,550,10,OneMax,0
764,(1+10)-EA,258095.0,gt,550,10,LeadingOnes,6
765,(1+10)-EA,255500.0,ge,550,10,LeadingOnes,2
766,(1+10)-EA,10940.0,gt,550,10,BinVal,0
767,(1+10)-EA,9988.0,ge,550,10,BinVal,5
768,RLS,3790.2,gt,575,10,OneMax,0
769,RLS,3592.8,ge,575,10,OneMax,0
770,RLS,170645.0,gt,575,10,LeadingOnes,0
771,RLS,165128.9,ge,575,10,LeadingOnes,0
772,RLS,4080.8,gt,575,10,BinVal,0
773,RLS,3470.6,ge,575,10,BinVal,0
774,(1+1)-EA,8793.5,gt,575,10,OneMax,0
775,(1+1)-EA,9030.5,ge,575,10,OneMax,0
776,(1+1)-EA,9001.5,gt,575,10,BinVal,0
777,(1+1)-EA,9305.6,ge,575,10,BinVal,0
778,(1+2)-EA,8424.2,gt,575,10,OneMax,0
779,(1+2)-EA,8807.0,ge,575,10,OneMax,0
780,(1+2)-EA,inf,gt,575,10,LeadingOnes,10
781,(1+2)-EA,8305.333333333334,gt,575,10,BinVal,1
782,(1+2)-EA,9191.2,ge,575,10,BinVal,0
783,(1+5)-EA,9960.0,gt,575,10,OneMax,0
784,(1+5)-EA,8821.5,ge,575,10,OneMax,0
785,(1+5)-EA,255898.33333333334,gt,575,10,LeadingOnes,7
786,(1+5)-EA,inf,ge,575,10,LeadingOnes,10
787,(1+5)-EA,9829.5,gt,575,10,BinVal,0
788,(1+5)-EA,10028.0,ge,575,10,BinVal,0
789,(1+10)-EA,9226.0,gt,575,10,OneMax,0
790,(1+10)-EA,9911.0,ge,575,10,OneMax,0
791,(1+10)-EA,260965.0,gt,575,10,LeadingOnes,6
792,(1+10)-EA,264860.0,ge,575,10,LeadingOnes,6
793,(1+10)-EA,11499.0,gt,575,10,BinVal,0
794,(1+10)-EA,10152.0,ge,575,10,BinVal,5
795,RLS,4406.1,gt,600,10,OneMax,0
796,RLS,4008.5,ge,600,10,OneMax,0
797,RLS,182108.5,gt,600,10,LeadingOnes,0
798,RLS,179639.0,ge,600,10,LeadingOnes,0
799,RLS,3950.3,gt,600,10,BinVal,0
800,RLS,4227.0,ge,600,10,BinVal,0
801,(1+1)-EA,10066.1,gt,600,10,OneMax,0
802,(1+1)-EA,9091.4,ge,600,10,OneMax,0
803,(1+1)-EA,10525.6,gt,600,10,BinVal,0
804,(1+1)-EA,9371.7,ge,600,10,BinVal,0
805,(1+2)-EA,9510.2,gt,600,10,OneMax,0
806,(1+2)-EA,10029.0,ge,600,10,OneMax,0
807,(1+2)-EA,9805.8,gt,600,10,BinVal,0
808,(1+2)-EA,10341.6,ge,600,10,BinVal,0
809,(1+5)-EA,9235.0,gt,600,10,OneMax,0
810,(1+5)-EA,8484.5,ge,600,10,OneMax,0
811,(1+5)-EA,inf,gt,600,10,LeadingOnes,10
812,(1+5)-EA,10240.714285714286,gt,600,10,BinVal,3
813,(1+5)-EA,10186.875,ge,600,10,BinVal,2
814,(1+10)-EA,10087.0,gt,600,10,OneMax,0
815,(1+10)-EA,10516.0,ge,600,10,OneMax,0
816,(1+10)-EA,inf,gt,600,10,LeadingOnes,10
817,(1+10)-EA,inf,ge,600,10,LeadingOnes,10
818,(1+10)-EA,10906.0,gt,600,10,BinVal,0
819,(1+10)-EA,11791.0,ge,600,10,BinVal,0
820,RLS,3782.3,gt,625,10,OneMax,0
821,RLS,3588.0,ge,625,10,OneMax,0
822,RLS,191777.1,gt,625,10,LeadingOnes,0
823,RLS,197007.6,ge,625,10,LeadingOnes,0
824,RLS,3442.6,gt,625,10,BinVal,0
825,RLS,3452.8571428571427,ge,625,10,BinVal,3
826,(1+1)-EA,10436.3,gt,625,10,OneMax,0
827,(1+1)-EA,10691.5,ge,625,10,OneMax,0
828,(1+1)-EA,10189.6,gt,625,10,BinVal,0
829,(1+1)-EA,9979.4,ge,625,10,BinVal,0
830,(1+2)-EA,10586.6,gt,625,10,OneMax,0
831,(1+2)-EA,9372.4,ge,625,10,OneMax,0
832,(1+2)-EA,10597.6,gt,625,10,BinVal,0
833,(1+2)-EA,9498.4,ge,625,10,BinVal,0
834,(1+5)-EA,10290.0,gt,625,10,OneMax,0
835,(1+5)-EA,10063.5,ge,625,10,OneMax,0
836,(1+5)-EA,11479.0,gt,625,10,BinVal,0
837,(1+5)-EA,11009.5,ge,625,10,BinVal,0
838,(1+10)-EA,10455.0,gt,625,10,OneMax,0
839,(1+10)-EA,10389.0,ge,625,10,OneMax,0
840,(1+10)-EA,12554.0,gt,625,10,BinVal,0
841,(1+10)-EA,12015.0,ge,625,10,BinVal,0
842,RLS,3980.3,gt,650,10,OneMax,0
843,RLS,4118.5,ge,650,10,OneMax,0
844,RLS,212264.1,gt,650,10,LeadingOnes,0
845,RLS,215017.6,ge,650,10,LeadingOnes,0
846,RLS,4131.142857142857,gt,650,10,BinVal,3
847,RLS,4338.7,ge,650,10,BinVal,0
848,(1+1)-EA,9027.3,gt,650,10,OneMax,0
849,(1+1)-EA,10600.4,ge,650,10,OneMax,0
850,(1+1)-EA,11424.7,gt,650,10,BinVal,0
851,(1+1)-EA,10367.888888888889,ge,650,10,BinVal,1
852,(1+2)-EA,9697.2,gt,650,10,OneMax,0
853,(1+2)-EA,9961.8,ge,650,10,OneMax,0
854,(1+2)-EA,11203.333333333334,gt,650,10,BinVal,1
855,(1+2)-EA,10526.8,ge,650,10,BinVal,0
856,(1+5)-EA,11163.5,gt,650,10,OneMax,0
857,(1+5)-EA,11094.0,ge,650,10,OneMax,0
858,(1+5)-EA,10614.0,gt,650,10,BinVal,0
859,(1+5)-EA,12526.5,ge,650,10,BinVal,0
860,(1+10)-EA,12056.0,gt,650,10,OneMax,0
861,(1+10)-EA,12759.0,ge,650,10,OneMax,0
862,(1+10)-EA,15098.0,gt,650,10,BinVal,0
863,(1+10)-EA,13193.0,ge,650,10,BinVal,0
864,RLS,4007.9,gt,675,10,OneMax,0
865,RLS,4347.1,ge,675,10,OneMax,0
866,RLS,222975.8,gt,675,10,LeadingOnes,0
867,RLS,216354.1,ge,675,10,LeadingOnes,0
868,RLS,4351.0,gt,675,10,BinVal,0
869,RLS,4089.1,ge,675,10,BinVal,0
870,(1+1)-EA,10862.1,gt,675,10,OneMax,0
871,(1+1)-EA,9343.6,ge,675,10,OneMax,0
872,(1+1)-EA,10444.777777777777,gt,675,10,BinVal,1
873,(1+1)-EA,11559.888888888889,ge,675,10,BinVal,1
874,(1+2)-EA,11899.8,gt,675,10,OneMax,0
875,(1+2)-EA,10266.6,ge,675,10,OneMax,0
876,(1+2)-EA,11111.4,gt,675,10,BinVal,0
877,(1+2)-EA,11587.4,ge,675,10,BinVal,0
878,(1+5)-EA,11095.0,gt,675,10,OneMax,0
879,(1+5)-EA,10869.0,ge,675,10,OneMax,0
880,(1+5)-EA,12807.5,gt,675,10,BinVal,0
881,(1+5)-EA,11558.0,ge,675,10,BinVal,0
882,(1+10)-EA,12060.0,gt,675,10,OneMax,0
883,(1+10)-EA,12153.0,ge,675,10,OneMax,0
884,(1+10)-EA,14382.0,gt,675,10,BinVal,0
885,(1+10)-EA,12014.0,ge,675,10,BinVal,0
886,RLS,4358.2,gt,700,10,OneMax,0
887,RLS,4129.3,ge,700,10,OneMax,0
888,RLS,243437.66666666666,gt,700,10,LeadingOnes,1
889,RLS,240321.6,ge,700,10,LeadingOnes,0
890,RLS,4709.0,gt,700,10,BinVal,0
891,RLS,4598.9,ge,700,10,BinVal,0
892,(1+1)-EA,11605.6,gt,700,10,OneMax,0
893,(1+1)-EA,11075.8,ge,700,10,OneMax,0
894,(1+1)-EA,11023.375,gt,700,10,BinVal,2
895,(1+1)-EA,10561.142857142857,ge,700,10,BinVal,3
896,(1+2)-EA,11656.2,gt,700,10,OneMax,0
897,(1+2)-EA,12772.0,ge,700,10,OneMax,0
898,(1+2)-EA,11869.6,gt,700,10,BinVal,5
899,(1+2)-EA,12645.6,ge,700,10,BinVal,0
900,(1+5)-EA,10905.0,gt,700,10,OneMax,0
901,(1+5)-EA,12003.5,ge,700,10,OneMax,0
902,(1+5)-EA,13007.0,gt,700,10,BinVal,0
903,(1+5)-EA,12543.5,ge,700,10,BinVal,0
904,(1+10)-EA,13884.0,gt,700,10,OneMax,0
905,(1+10)-EA,13279.0,ge,700,10,OneMax,0
906,(1+10)-EA,14150.0,gt,700,10,BinVal,0
907,(1+10)-EA,14216.0,ge,700,10,BinVal,0
908,RLS,4684.4,gt,725,10,OneMax,0
909,RLS,4894.5,ge,725,10,OneMax,0
910,RLS,261439.25,gt,725,10,LeadingOnes,2
911,RLS,257461.22222222222,ge,725,10,LeadingOnes,1
912,RLS,4009.5,gt,725,10,BinVal,0
913,RLS,4235.0,ge,725,10,BinVal,0
914,(1+1)-EA,12914.0,gt,725,10,OneMax,0
915,(1+1)-EA,10846.2,ge,725,10,OneMax,0
916,(1+1)-EA,10541.625,gt,725,10,BinVal,2
917,(1+1)-EA,10991.25,ge,725,10,BinVal,2
918,(1+2)-EA,11398.8,gt,725,10,OneMax,0
919,(1+2)-EA,10177.0,ge,725,10,OneMax,0
920,(1+2)-EA,12136.0,gt,725,10,BinVal,0
921,(1+2)-EA,11540.4,ge,725,10,BinVal,0
922,(1+5)-EA,13045.0,gt,725,10,OneMax,0
923,(1+5)-EA,12531.0,ge,725,10,OneMax,0
924,(1+5)-EA,13014.0,gt,725,10,BinVal,0
925,(1+5)-EA,11582.5,ge,725,10,BinVal,0
926,(1+10)-EA,12873.0,gt,725,10,OneMax,0
927,(1+10)-EA,12995.0,ge,725,10,OneMax,0
928,(1+10)-EA,14491.111111111111,gt,725,10,BinVal,1
929,(1+10)-EA,15018.333333333334,ge,725,10,BinVal,4
930,RLS,4967.0,gt,750,10,OneMax,0
931,RLS,4916.2,ge,750,10,OneMax,0
932,RLS,292242.4,gt,750,10,LeadingOnes,5
933,RLS,274806.6666666667,ge,750,10,LeadingOnes,1
934,RLS,4432.0,gt,750,10,BinVal,1
935,RLS,5060.875,ge,750,10,BinVal,2
936,(1+1)-EA,11142.2,gt,750,10,OneMax,0
937,(1+1)-EA,11818.6,ge,750,10,OneMax,0
938,(1+1)-EA,11294.0,gt,750,10,BinVal,2
939,(1+1)-EA,11030.142857142857,ge,750,10,BinVal,3
940,(1+2)-EA,11992.6,gt,750,10,OneMax,0
941,(1+2)-EA,13906.6,ge,750,10,OneMax,0
942,(1+2)-EA,11829.0,gt,750,10,BinVal,2
943,(1+2)-EA,11305.8,ge,750,10,BinVal,0
944,(1+5)-EA,10918.0,gt,750,10,OneMax,0
945,(1+5)-EA,13643.0,ge,750,10,OneMax,0
946,(1+5)-EA,13138.125,gt,750,10,BinVal,2
947,(1+5)-EA,14162.5,ge,750,10,BinVal,0
948,(1+10)-EA,13201.0,gt,750,10,OneMax,0
949,(1+10)-EA,13147.0,ge,750,10,OneMax,0
950,(1+10)-EA,14448.57142857143,gt,750,10,BinVal,3
951,(1+10)-EA,16081.25,ge,750,10,BinVal,2
952,RLS,5337.1,gt,775,10,OneMax,0
953,RLS,4756.1,ge,775,10,OneMax,0
954,RLS,291009.75,gt,775,10,LeadingOnes,6
955,RLS,271424.0,ge,775,10,LeadingOnes,6
956,RLS,5111.25,gt,775,10,BinVal,2
957,RLS,5103.222222222223,ge,775,10,BinVal,1
958,(1+1)-EA,12390.4,gt,775,10,OneMax,0
959,(1+1)-EA,13188.3,ge,775,10,OneMax,0
960,(1+1)-EA,11429.375,gt,775,10,BinVal,2
961,(1+1)-EA,11516.6,ge,775,10,BinVal,5
962,(1+2)-EA,12921.8,gt,775,10,OneMax,0
963,(1+2)-EA,13693.4,ge,775,10,OneMax,0
964,(1+2)-EA,12850.0,gt,775,10,BinVal,6
965,(1+2)-EA,12698.285714285714,ge,775,10,BinVal,3
966,(1+5)-EA,11843.0,gt,775,10,OneMax,0
967,(1+5)-EA,12101.5,ge,775,10,OneMax,0
968,(1+5)-EA,13651.5,gt,775,10,BinVal,0
969,(1+5)-EA,14505.0,ge,775,10,BinVal,1
970,(1+10)-EA,14186.0,gt,775,10,OneMax,0
971,(1+10)-EA,13463.0,ge,775,10,OneMax,0
972,(1+10)-EA,13740.0,gt,775,10,BinVal,6
973,(1+10)-EA,13755.714285714286,ge,775,10,BinVal,3
974,RLS,5230.0,gt,800,10,OneMax,0
975,RLS,5307.6,ge,800,10,OneMax,0
976,RLS,inf,gt,800,10,LeadingOnes,10
977,RLS,292484.5,ge,800,10,LeadingOnes,8
978,RLS,5050.7,gt,800,10,BinVal,0
979,RLS,4625.0,ge,800,10,BinVal,0
980,(1+1)-EA,13147.6,gt,800,10,OneMax,0
981,(1+1)-EA,13630.9,ge,800,10,OneMax,0
982,(1+1)-EA,12121.75,gt,800,10,BinVal,6
983,(1+1)-EA,11591.5,ge,800,10,BinVal,4
984,(1+2)-EA,11541.0,gt,800,10,OneMax,0
985,(1+2)-EA,13136.8,ge,800,10,OneMax,0
986,(1+2)-EA,12786.0,gt,800,10,BinVal,4
987,(1+2)-EA,11951.42857142857,ge,800,10,BinVal,3
988,(1+5)-EA,14025.0,gt,800,10,OneMax,0
989,(1+5)-EA,13654.0,ge,800,10,OneMax,0
990,(1+5)-EA,13228.333333333334,gt,800,10,BinVal,7
991,(1+5)-EA,13721.42857142857,ge,800,10,BinVal,3
992,(1+10)-EA,14385.0,gt,800,10,OneMax,0
993,(1+10)-EA,13741.0,ge,800,10,OneMax,0
994,(1+10)-EA,15853.333333333334,gt,800,10,BinVal,4
995,(1+10)-EA,14261.25,ge,800,10,BinVal,2
996,RLS,5017.6,gt,825,10,OneMax,0
997,RLS,5292.0,ge,825,10,OneMax,0
998,RLS,inf,ge,825,10,LeadingOnes,10
999,RLS,5799.7,gt,825,10,BinVal,0
1000,RLS,5362.0,ge,825,10,BinVal,0
1001,(1+1)-EA,12163.6,gt,825,10,OneMax,0
1002,(1+1)-EA,12265.6,ge,825,10,OneMax,0
1003,(1+1)-EA,12113.0,gt,825,10,BinVal,8
1004,(1+1)-EA,10941.0,ge,825,10,BinVal,6
1005,(1+2)-EA,13725.0,gt,825,10,OneMax,0
1006,(1+2)-EA,13565.8,ge,825,10,OneMax,0
1007,(1+2)-EA,12086.5,gt,825,10,BinVal,2
1008,(1+2)-EA,13134.0,ge,825,10,BinVal,2
1009,(1+5)-EA,13555.5,gt,825,10,OneMax,0
1010,(1+5)-EA,13199.5,ge,825,10,OneMax,0
1011,(1+5)-EA,13968.888888888889,gt,825,10,BinVal,1
1012,(1+5)-EA,13935.0,ge,825,10,BinVal,2
1013,(1+10)-EA,14921.0,gt,825,10,OneMax,0
1014,(1+10)-EA,15668.0,ge,825,10,OneMax,0
1015,(1+10)-EA,15867.5,gt,825,10,BinVal,6
1016,(1+10)-EA,14900.0,ge,825,10,BinVal,6
1017,RLS,6178.4,gt,850,10,OneMax,0
1018,RLS,5352.9,ge,850,10,OneMax,0
1019,RLS,6107.7,gt,850,10,BinVal,0
1020,RLS,5854.6,ge,850,10,BinVal,0
1021,(1+1)-EA,14214.3,gt,850,10,OneMax,0
1022,(1+1)-EA,15592.6,ge,850,10,OneMax,0
1023,(1+1)-EA,10618.333333333334,gt,850,10,BinVal,7
1024,(1+1)-EA,11445.666666666666,ge,850,10,BinVal,4
1025,(1+2)-EA,14679.8,gt,850,10,OneMax,0
1026,(1+2)-EA,15000.6,ge,850,10,OneMax,0
1027,(1+2)-EA,11638.0,gt,850,10,BinVal,5
1028,(1+2)-EA,12520.0,ge,850,10,BinVal,7
1029,(1+5)-EA,15379.0,gt,850,10,OneMax,0
1030,(1+5)-EA,17010.5,ge,850,10,OneMax,0
1031,(1+5)-EA,14142.5,gt,850,10,BinVal,6
1032,(1+5)-EA,13303.333333333334,ge,850,10,BinVal,7
1033,(1+10)-EA,15223.0,gt,850,10,OneMax,0
1034,(1+10)-EA,14822.0,ge,850,10,OneMax,0
1035,(1+10)-EA,14963.333333333334,gt,850,10,BinVal,7
1036,(1+10)-EA,15250.0,ge,850,10,BinVal,6
1037,RLS,5069.1,gt,875,10,OneMax,0
1038,RLS,6126.3,ge,875,10,OneMax,0
1039,RLS,5179.0,gt,875,10,BinVal,0
1040,RLS,6328.2,ge,875,10,BinVal,0
1041,(1+1)-EA,14304.6,gt,875,10,OneMax,0
1042,(1+1)-EA,13660.4,ge,875,10,OneMax,0
1043,(1+1)-EA,11130.0,gt,875,10,BinVal,9
1044,(1+1)-EA,10947.0,ge,875,10,BinVal,8
1045,(1+2)-EA,14098.4,gt,875,10,OneMax,0
1046,(1+2)-EA,13615.6,ge,875,10,OneMax,0
1047,(1+2)-EA,12380.0,gt,875,10,BinVal,6
1048,(1+2)-EA,12966.0,ge,875,10,BinVal,9
1049,(1+5)-EA,15172.5,gt,875,10,OneMax,0
1050,(1+5)-EA,15915.0,ge,875,10,OneMax,0
1051,(1+5)-EA,13616.0,gt,875,10,BinVal,5
1052,(1+5)-EA,14005.0,ge,875,10,BinVal,7
1053,(1+10)-EA,17099.0,gt,875,10,OneMax,0
1054,(1+10)-EA,15857.0,ge,875,10,OneMax,0
1055,(1+10)-EA,15202.5,gt,875,10,BinVal,6
1056,(1+10)-EA,14750.0,ge,875,10,BinVal,6
1057,RLS,5609.4,gt,900,10,OneMax,0
1058,RLS,5711.9,ge,900,10,OneMax,0
1059,RLS,5143.3,gt,900,10,BinVal,0
1060,RLS,5853.777777777777,ge,900,10,BinVal,1
1061,(1+1)-EA,14760.9,gt,900,10,OneMax,0
1062,(1+1)-EA,16055.7,ge,900,10,OneMax,0
1063,(1+1)-EA,inf,gt,900,10,BinVal,10
1064,(1+1)-EA,11134.5,ge,900,10,BinVal,8
1065,(1+2)-EA,15322.0,gt,900,10,OneMax,0
1066,(1+2)-EA,14980.8,ge,900,10,OneMax,0
1067,(1+2)-EA,13126.5,gt,900,10,BinVal,6
1068,(1+2)-EA,13295.6,ge,900,10,BinVal,5
1069,(1+5)-EA,15552.0,gt,900,10,OneMax,0
1070,(1+5)-EA,16260.0,ge,900,10,OneMax,0
1071,(1+5)-EA,13093.75,gt,900,10,BinVal,6
1072,(1+5)-EA,13221.666666666666,ge,900,10,BinVal,7
1073,(1+10)-EA,16196.0,gt,900,10,OneMax,0
1074,(1+10)-EA,17072.0,ge,900,10,OneMax,0
1075,(1+10)-EA,15590.0,gt,900,10,BinVal,7
1076,(1+10)-EA,16260.0,ge,900,10,BinVal,9
1077,RLS,5972.2,gt,925,10,OneMax,0
1078,RLS,6061.2,ge,925,10,OneMax,0
1079,RLS,5808.8,gt,925,10,BinVal,0
1080,RLS,6317.4,ge,925,10,BinVal,0
1081,(1+1)-EA,14836.6,gt,925,10,OneMax,0
1082,(1+1)-EA,15095.3,ge,925,10,OneMax,0
1083,(1+1)-EA,inf,ge,925,10,BinVal,10
1084,(1+2)-EA,17564.2,gt,925,10,OneMax,0
1085,(1+2)-EA,14490.6,ge,925,10,OneMax,0
1086,(1+2)-EA,13168.666666666666,gt,925,10,BinVal,7
1087,(1+2)-EA,12383.333333333334,ge,925,10,BinVal,7
1088,(1+5)-EA,15369.5,gt,925,10,OneMax,0
1089,(1+5)-EA,15178.0,ge,925,10,OneMax,0
1090,(1+5)-EA,14233.75,gt,925,10,BinVal,6
1091,(1+5)-EA,inf,ge,925,10,BinVal,10
1092,(1+10)-EA,17972.0,gt,925,10,OneMax,0
1093,(1+10)-EA,17876.0,ge,925,10,OneMax,0
1094,(1+10)-EA,14675.0,gt,925,10,BinVal,8
1095,(1+10)-EA,13925.0,ge,925,10,BinVal,8
1096,RLS,6975.4,gt,950,10,OneMax,0
1097,RLS,7525.2,ge,950,10,OneMax,0
1098,RLS,5986.5,gt,950,10,BinVal,0
1099,RLS,6562.2,ge,950,10,BinVal,0
1100,(1+1)-EA,15499.7,gt,950,10,OneMax,0
1101,(1+1)-EA,16722.2,ge,950,10,OneMax,0
1102,(1+2)-EA,15339.2,gt,950,10,OneMax,0
1103,(1+2)-EA,14779.4,ge,950,10,OneMax,0
1104,(1+2)-EA,12948.0,gt,950,10,BinVal,9
1105,(1+2)-EA,inf,ge,950,10,BinVal,10
1106,(1+5)-EA,16977.5,gt,950,10,OneMax,0
1107,(1+5)-EA,17408.5,ge,950,10,OneMax,0
1108,(1+5)-EA,14261.666666666666,gt,950,10,BinVal,7
1109,(1+10)-EA,17251.0,gt,950,10,OneMax,0
1110,(1+10)-EA,18661.0,ge,950,10,OneMax,0
1111,(1+10)-EA,13765.0,gt,950,10,BinVal,8
1112,(1+10)-EA,inf,ge,950,10,BinVal,10
1113,RLS,6689.2,gt,975,10,OneMax,0
1114,RLS,6393.9,ge,975,10,OneMax,0
1115,RLS,6761.8,gt,975,10,BinVal,0
1116,RLS,6323.2,ge,975,10,BinVal,0
1117,(1+1)-EA,15081.5,gt,975,10,OneMax,0
1118,(1+1)-EA,17970.3,ge,975,10,OneMax,0
1119,(1+2)-EA,15936.8,gt,975,10,OneMax,0
1120,(1+2)-EA,16076.4,ge,975,10,OneMax,0
1121,(1+2)-EA,inf,gt,975,10,BinVal,10
1122,(1+5)-EA,18729.5,gt,975,10,OneMax,0
1123,(1+5)-EA,17399.0,ge,975,10,OneMax,0
1124,(1+5)-EA,inf,gt,975,10,BinVal,10
1125,(1+10)-EA,18727.0,gt,975,10,OneMax,0
1126,(1+10)-EA,19268.0,ge,975,10,OneMax,0
1127,(1+10)-EA,14740.0,gt,975,10,BinVal,9
1128,RLS,6812.6,gt,1000,10,OneMax,0
1129,RLS,7647.3,ge,1000,10,OneMax,0
1130,RLS,7008.125,gt,1000,10,BinVal,2
1131,RLS,6143.2,ge,1000,10,BinVal,0
1132,(1+1)-EA,18103.9,gt,1000,10,OneMax,0
1133,(1+1)-EA,15714.0,ge,1000,10,OneMax,0
1134,(1+2)-EA,17267.4,gt,1000,10,OneMax,0
1135,(1+2)-EA,14715.0,ge,1000,10,OneMax,0
1136,(1+5)-EA,16534.0,gt,1000,10,OneMax,0
1137,(1+5)-EA,19405.0,ge,1000,10,OneMax,0
1138,(1+10)-EA,17198.0,gt,1000,10,OneMax,0
1139,(1+10)-EA,17824.0,ge,1000,10,OneMax,0
1140,(1+10)-EA,inf,gt,1000,10,BinVal,10
1141,RLS,7051.0,gt,1025,10,OneMax,0
1142,RLS,7169.9,ge,1025,10,OneMax,0
1143,RLS,7234.7,gt,1025,10,BinVal,0
1144,RLS,7752.6,ge,1025,10,BinVal,0
1145,(1+1)-EA,17938.0,gt,1025,10,OneMax,0
1146,(1+1)-EA,17966.9,ge,1025,10,OneMax,0
1147,(1+2)-EA,17264.2,gt,1025,10,OneMax,0
1148,(1+2)-EA,17283.0,ge,1025,10,OneMax,0
1149,(1+5)-EA,17898.5,gt,1025,10,OneMax,0
1150,(1+5)-EA,16130.0,ge,1025,10,OneMax,0
1151,(1+10)-EA,17645.0,gt,1025,10,OneMax,0
1152,(1+10)-EA,16774.0,ge,1025,10,OneMax,0
1153,RLS,6807.7,gt,1050,10,OneMax,0
1154,RLS,7079.2,ge,1050,10,OneMax,0
1155,RLS,6812.166666666667,gt,1050,10,BinVal,4
1156,RLS,7083.5,ge,1050,10,BinVal,0
1157,(1+1)-EA,16590.6,gt,1050,10,OneMax,0
1158,(1+1)-EA,17114.3,ge,1050,10,OneMax,0
1159,(1+2)-EA,18760.8,gt,1050,10,OneMax,0
1160,(1+2)-EA,17786.8,ge,1050,10,OneMax,0
1161,(1+5)-EA,19174.5,gt,1050,10,OneMax,0
1162,(1+5)-EA,18596.0,ge,1050,10,OneMax,0
1163,(1+10)-EA,19893.0,gt,1050,10,OneMax,0
1164,(1+10)-EA,18599.0,ge,1050,10,OneMax,0
1165,RLS,7509.8,gt,1075,10,OneMax,0
1166,RLS,7011.3,ge,1075,10,OneMax,0
1167,RLS,6741.0,gt,1075,10,BinVal,6
1168,RLS,7074.4,ge,1075,10,BinVal,0
1169,(1+1)-EA,16684.0,gt,1075,10,OneMax,0
1170,(1+1)-EA,19136.7,ge,1075,10,OneMax,0
1171,(1+2)-EA,17645.6,gt,1075,10,OneMax,0
1172,(1+2)-EA,18137.2,ge,1075,10,OneMax,0
1173,(1+5)-EA,21777.0,gt,1075,10,OneMax,0
1174,(1+5)-EA,18978.5,ge,1075,10,OneMax,0
1175,(1+10)-EA,19550.0,gt,1075,10,OneMax,0
1176,(1+10)-EA,20293.0,ge,1075,10,OneMax,0
1177,RLS,7317.7,gt,1100,10,OneMax,0
1178,RLS,8268.7,ge,1100,10,OneMax,0
1179,RLS,7622.285714285715,gt,1100,10,BinVal,3
1180,RLS,7156.333333333333,ge,1100,10,BinVal,1
1181,(1+1)-EA,19239.0,gt,1100,10,OneMax,0
1182,(1+1)-EA,18013.9,ge,1100,10,OneMax,0
1183,(1+2)-EA,19786.4,gt,1100,10,OneMax,0
1184,(1+2)-EA,22100.4,ge,1100,10,OneMax,0
1185,(1+5)-EA,18502.5,gt,1100,10,OneMax,0
1186,(1+5)-EA,20463.5,ge,1100,10,OneMax,0
1187,(1+10)-EA,19986.0,gt,1100,10,OneMax,0
1188,(1+10)-EA,20554.0,ge,1100,10,OneMax,0
1189,RLS,8221.9,gt,1125,10,OneMax,0
1190,RLS,6928.8,ge,1125,10,OneMax,0
1191,RLS,7385.5,gt,1125,10,BinVal,6
1192,RLS,7606.875,ge,1125,10,BinVal,2
1193,(1+1)-EA,19972.3,gt,1125,10,OneMax,0
1194,(1+1)-EA,19450.2,ge,1125,10,OneMax,0
1195,(1+2)-EA,19344.2,gt,1125,10,OneMax,0
1196,(1+2)-EA,22036.6,ge,1125,10,OneMax,0
1197,(1+5)-EA,19749.0,gt,1125,10,OneMax,0
1198,(1+5)-EA,20083.5,ge,1125,10,OneMax,0
1199,(1+10)-EA,22151.0,gt,1125,10,OneMax,0
1200,(1+10)-EA,21322.0,ge,1125,10,OneMax,0
1201,RLS,8202.0,gt,1150,10,OneMax,0
1202,RLS,8505.7,ge,1150,10,OneMax,0
1203,RLS,6705.5,gt,1150,10,BinVal,8
1204,RLS,7142.428571428572,ge,1150,10,BinVal,3
1205,(1+1)-EA,21693.1,gt,1150,10,OneMax,0
1206,(1+1)-EA,18777.8,ge,1150,10,OneMax,0
1207,(1+2)-EA,19032.6,gt,1150,10,OneMax,0
1208,(1+2)-EA,21457.2,ge,1150,10,OneMax,0
1209,(1+5)-EA,19163.0,gt,1150,10,OneMax,0
1210,(1+5)-EA,19999.0,ge,1150,10,OneMax,0
1211,(1+10)-EA,21859.0,gt,1150,10,OneMax,0
1212,(1+10)-EA,21950.0,ge,1150,10,OneMax,0
1213,RLS,9171.2,gt,1175,10,OneMax,0
1214,RLS,7576.9,ge,1175,10,OneMax,0
1215,RLS,7594.833333333333,gt,1175,10,BinVal,4
1216,RLS,7046.125,ge,1175,10,BinVal,2
1217,(1+1)-EA,21751.1,gt,1175,10,OneMax,0
1218,(1+1)-EA,21458.8,ge,1175,10,OneMax,0
1219,(1+2)-EA,18670.0,gt,1175,10,OneMax,0
1220,(1+2)-EA,21263.6,ge,1175,10,OneMax,0
1221,(1+5)-EA,20551.0,gt,1175,10,OneMax,0
1222,(1+5)-EA,20666.0,ge,1175,10,OneMax,0
1223,(1+10)-EA,22318.0,gt,1175,10,OneMax,0
1224,(1+10)-EA,22074.0,ge,1175,10,OneMax,0
1225,RLS,8730.8,gt,1200,10,OneMax,0
1226,RLS,8591.7,ge,1200,10,OneMax,0
1227,RLS,7097.0,gt,1200,10,BinVal,9
1228,RLS,7194.666666666667,ge,1200,10,BinVal,7
1229,(1+1)-EA,20027.9,gt,1200,10,OneMax,0
1230,(1+1)-EA,19356.2,ge,1200,10,OneMax,0
1231,(1+2)-EA,19953.4,gt,1200,10,OneMax,0
1232,(1+2)-EA,19971.8,ge,1200,10,OneMax,0
1233,(1+5)-EA,21976.0,gt,1200,10,OneMax,0
1234,(1+5)-EA,23481.5,ge,1200,10,OneMax,0
1235,(1+10)-EA,24951.0,gt,1200,10,OneMax,0
1236,(1+10)-EA,25067.0,ge,1200,10,OneMax,0
1237,RLS,7933.1,gt,1225,10,OneMax,0
1238,RLS,7803.6,ge,1225,10,OneMax,0
1239,RLS,inf,gt,1225,10,BinVal,10
1240,RLS,7494.166666666667,ge,1225,10,BinVal,4
1241,(1+1)-EA,20752.5,gt,1225,10,OneMax,0
1242,(1+1)-EA,23449.0,ge,1225,10,OneMax,0
1243,(1+2)-EA,23657.0,gt,1225,10,OneMax,0
1244,(1+2)-EA,23161.0,ge,1225,10,OneMax,0
1245,(1+5)-EA,21316.5,gt,1225,10,OneMax,0
1246,(1+5)-EA,22703.0,ge,1225,10,OneMax,0
1247,(1+10)-EA,23608.0,gt,1225,10,OneMax,0
1248,(1+10)-EA,23555.0,ge,1225,10,OneMax,0
1249,RLS,9754.6,gt,1250,10,OneMax,0
1250,RLS,9135.2,ge,1250,10,OneMax,0
1251,RLS,7049.6,ge,1250,10,BinVal,5
1252,(1+1)-EA,24882.8,gt,1250,10,OneMax,0
1253,(1+1)-EA,21003.7,ge,1250,10,OneMax,0
1254,(1+2)-EA,22724.6,gt,1250,10,OneMax,0
1255,(1+2)-EA,21546.6,ge,1250,10,OneMax,0
1256,(1+5)-EA,21085.5,gt,1250,10,OneMax,0
1257,(1+5)-EA,23133.0,ge,1250,10,OneMax,0
1258,(1+10)-EA,25074.0,gt,1250,10,OneMax,0
1259,(1+10)-EA,25145.0,ge,1250,10,OneMax,0
1260,RLS,9182.7,gt,1275,10,OneMax,0
1261,RLS,8761.1,ge,1275,10,OneMax,0
1262,RLS,inf,ge,1275,10,BinVal,10
1263,(1+1)-EA,21727.3,gt,1275,10,OneMax,0
1264,(1+1)-EA,22689.9,ge,1275,10,OneMax,0
1265,(1+2)-EA,22170.0,gt,1275,10,OneMax,0
1266,(1+2)-EA,21419.0,ge,1275,10,OneMax,0
1267,(1+5)-EA,25173.0,gt,1275,10,OneMax,0
1268,(1+5)-EA,23213.5,ge,1275,10,OneMax,0
1269,(1+10)-EA,27109.0,gt,1275,10,OneMax,0
1270,(1+10)-EA,23823.0,ge,1275,10,OneMax,0
1271,RLS,8909.9,gt,1300,10,OneMax,0
1272,RLS,8723.2,ge,1300,10,OneMax,0
1273,(1+1)-EA,22669.3,gt,1300,10,OneMax,0
1274,(1+1)-EA,23077.8,ge,1300,10,OneMax,0
1275,(1+2)-EA,22289.6,gt,1300,10,OneMax,0
1276,(1+2)-EA,25164.4,ge,1300,10,OneMax,0
1277,(1+5)-EA,20838.0,gt,1300,10,OneMax,0
1278,(1+5)-EA,23483.0,ge,1300,10,OneMax,0
1279,(1+10)-EA,23996.0,gt,1300,10,OneMax,0
1280,(1+10)-EA,23149.0,ge,1300,10,OneMax,0
1281,RLS,9129.1,gt,1325,10,OneMax,0
1282,RLS,10154.0,ge,1325,10,OneMax,0
1283,(1+1)-EA,23052.4,gt,1325,10,OneMax,0
1284,(1+1)-EA,23141.4,ge,1325,10,OneMax,0
1285,(1+2)-EA,22869.6,gt,1325,10,OneMax,0
1286,(1+2)-EA,22018.0,ge,1325,10,OneMax,0
1287,(1+5)-EA,22074.0,gt,1325,10,OneMax,0
1288,(1+5)-EA,21510.0,ge,1325,10,OneMax,0
1289,(1+10)-EA,26685.0,gt,1325,10,OneMax,0
1290,(1+10)-EA,27439.0,ge,1325,10,OneMax,0
1291,RLS,9217.0,gt,1350,10,OneMax,0
1292,RLS,9741.1,ge,1350,10,OneMax,0
1293,(1+1)-EA,23938.7,gt,1350,10,OneMax,0
1294,(1+1)-EA,22473.7,ge,1350,10,OneMax,0
1295,(1+2)-EA,24629.4,gt,1350,10,OneMax,0
1296,(1+2)-EA,23719.0,ge,1350,10,OneMax,0
1297,(1+5)-EA,24106.5,gt,1350,10,OneMax,0
1298,(1+5)-EA,24194.0,ge,1350,10,OneMax,0
1299,(1+10)-EA,23837.0,gt,1350,10,OneMax,0
1300,(1+10)-EA,26335.0,ge,1350,10,OneMax,0
1301,RLS,10050.7,gt,1375,10,OneMax,0
1302,RLS,11178.4,ge,1375,10,OneMax,0
1303,(1+1)-EA,22110.0,gt,1375,10,OneMax,0
1304,(1+1)-EA,24309.3,ge,1375,10,OneMax,0
1305,(1+2)-EA,24496.8,gt,1375,10,OneMax,0
1306,(1+2)-EA,24382.4,ge,1375,10,OneMax,0
1307,(1+5)-EA,27495.0,gt,1375,10,OneMax,0
1308,(1+5)-EA,25945.0,ge,1375,10,OneMax,0
1309,(1+10)-EA,26860.0,gt,1375,10,OneMax,0
1310,(1+10)-EA,28740.0,ge,1375,10,OneMax,0
1311,RLS,10848.4,gt,1400,10,OneMax,0
1312,RLS,9415.6,ge,1400,10,OneMax,0
1313,(1+1)-EA,22349.0,gt,1400,10,OneMax,0
1314,(1+1)-EA,23649.1,ge,1400,10,OneMax,0
1315,(1+2)-EA,23016.2,gt,1400,10,OneMax,0
1316,(1+2)-EA,26347.6,ge,1400,10,OneMax,0
1317,(1+5)-EA,25783.5,gt,1400,10,OneMax,0
1318,(1+5)-EA,23447.0,ge,1400,10,OneMax,0
1319,(1+10)-EA,28693.0,gt,1400,10,OneMax,0
1320,(1+10)-EA,26635.0,ge,1400,10,OneMax,0
1321,RLS,9061.8,gt,1425,10,OneMax,0
1322,RLS,10347.7,ge,1425,10,OneMax,0
1323,(1+1)-EA,25198.2,gt,1425,10,OneMax,0
1324,(1+1)-EA,28197.6,ge,1425,10,OneMax,0
1325,(1+2)-EA,24570.4,gt,1425,10,OneMax,0
1326,(1+2)-EA,25489.6,ge,1425,10,OneMax,0
1327,(1+5)-EA,28665.0,gt,1425,10,OneMax,0
1328,(1+5)-EA,27449.0,ge,1425,10,OneMax,0
1329,(1+10)-EA,29526.0,gt,1425,10,OneMax,0
1330,(1+10)-EA,28593.0,ge,1425,10,OneMax,0
1331,RLS,11068.2,gt,1450,10,OneMax,0
1332,RLS,9434.8,ge,1450,10,OneMax,0
1333,(1+1)-EA,27973.1,gt,1450,10,OneMax,0
1334,(1+1)-EA,26140.6,ge,1450,10,OneMax,0
1335,(1+2)-EA,26101.0,gt,1450,10,OneMax,0
1336,(1+2)-EA,27369.8,ge,1450,10,OneMax,0
1337,(1+5)-EA,25332.5,gt,1450,10,OneMax,0
1338,(1+5)-EA,28405.5,ge,1450,10,OneMax,0
1339,(1+10)-EA,28241.0,gt,1450,10,OneMax,0
1340,(1+10)-EA,27936.0,ge,1450,10,OneMax,0
1341,RLS,10285.0,gt,1475,10,OneMax,0
1342,RLS,10442.7,ge,1475,10,OneMax,0
1343,(1+1)-EA,24412.8,gt,1475,10,OneMax,0
1344,(1+1)-EA,29056.9,ge,1475,10,OneMax,0
1345,(1+2)-EA,27391.2,gt,1475,10,OneMax,0
1346,(1+2)-EA,26943.4,ge,1475,10,OneMax,0
1347,(1+5)-EA,28164.0,gt,1475,10,OneMax,0
1348,(1+5)-EA,26480.5,ge,1475,10,OneMax,0
1349,(1+10)-EA,28038.0,gt,1475,10,OneMax,0
1350,(1+10)-EA,25657.0,ge,1475,10,OneMax,0
1351,RLS,10466.1,gt,1500,10,OneMax,0
1352,RLS,10606.0,ge,1500,10,OneMax,0
1353,(1+1)-EA,25226.1,gt,1500,10,OneMax,0
1354,(1+1)-EA,26183.7,ge,1500,10,OneMax,0
1355,(1+2)-EA,29248.2,gt,1500,10,OneMax,0
1356,(1+2)-EA,26063.0,ge,1500,10,OneMax,0
1357,(1+5)-EA,27551.5,gt,1500,10,OneMax,0
1358,(1+5)-EA,29480.0,ge,1500,10,OneMax,0
1359,(1+10)-EA,30396.0,gt,1500,10,OneMax,0
1360,(1+10)-EA,30618.0,ge,1500,10,OneMax,0
1361,RLS,10408.6,gt,1525,10,OneMax,0
1362,RLS,11355.1,ge,1525,10,OneMax,0
1363,(1+1)-EA,31716.6,gt,1525,10,OneMax,0
1364,(1+1)-EA,26608.9,ge,1525,10,OneMax,0
1365,(1+2)-EA,31156.8,gt,1525,10,OneMax,0
1366,(1+2)-EA,28471.8,ge,1525,10,OneMax,0
1367,(1+5)-EA,28040.0,gt,1525,10,OneMax,0
1368,(1+5)-EA,25986.0,ge,1525,10,OneMax,0
1369,(1+10)-EA,30936.0,gt,1525,10,OneMax,0
1370,(1+10)-EA,30287.0,ge,1525,10,OneMax,0
1371,RLS,11992.0,gt,1550,10,OneMax,0
1372,RLS,11117.1,ge,1550,10,OneMax,0
1373,(1+1)-EA,27972.0,gt,1550,10,OneMax,0
1374,(1+1)-EA,27020.4,ge,1550,10,OneMax,0
1375,(1+2)-EA,30173.0,gt,1550,10,OneMax,0
1376,(1+2)-EA,28265.2,ge,1550,10,OneMax,0
1377,(1+5)-EA,31842.0,gt,1550,10,OneMax,0
1378,(1+5)-EA,28682.5,ge,1550,10,OneMax,0
1379,(1+10)-EA,32156.0,gt,1550,10,OneMax,0
1380,(1+10)-EA,30959.0,ge,1550,10,OneMax,0
1381,RLS,11109.5,gt,1575,10,OneMax,0
1382,RLS,10863.9,ge,1575,10,OneMax,0
1383,(1+1)-EA,30206.8,gt,1575,10,OneMax,0
1384,(1+1)-EA,26161.5,ge,1575,10,OneMax,0
1385,(1+2)-EA,27485.0,gt,1575,10,OneMax,0
1386,(1+2)-EA,31690.8,ge,1575,10,OneMax,0
1387,(1+5)-EA,31351.5,gt,1575,10,OneMax,0
1388,(1+5)-EA,33174.5,ge,1575,10,OneMax,0
1389,(1+10)-EA,31715.0,gt,1575,10,OneMax,0
1390,(1+10)-EA,29553.0,ge,1575,10,OneMax,0
1391,RLS,11250.6,gt,1600,10,OneMax,0
1392,RLS,12166.4,ge,1600,10,OneMax,0
1393,(1+1)-EA,27126.2,gt,1600,10,OneMax,0
1394,(1+1)-EA,27801.6,ge,1600,10,OneMax,0
1395,(1+2)-EA,28419.4,gt,1600,10,OneMax,0
1396,(1+2)-EA,29995.8,ge,1600,10,OneMax,0
1397,(1+5)-EA,31098.5,gt,1600,10,OneMax,0
1398,(1+5)-EA,28840.5,ge,1600,10,OneMax,0
1399,(1+10)-EA,33254.0,gt,1600,10,OneMax,0
1400,(1+10)-EA,31954.0,ge,1600,10,OneMax,0
1401,RLS,12232.5,gt,1625,10,OneMax,0
1402,RLS,11824.9,ge,1625,10,OneMax,0
1403,(1+1)-EA,26355.9,gt,1625,10,OneMax,0
1404,(1+1)-EA,31993.6,ge,1625,10,OneMax,0
1405,(1+2)-EA,28732.6,gt,1625,10,OneMax,0
1406,(1+2)-EA,28912.0,ge,1625,10,OneMax,0
1407,(1+5)-EA,30117.0,gt,1625,10,OneMax,0
1408,(1+5)-EA,27949.0,ge,1625,10,OneMax,0
1409,(1+10)-EA,32764.0,gt,1625,10,OneMax,0
1410,(1+10)-EA,31634.0,ge,1625,10,OneMax,0
1411,RLS,11701.1,gt,1650,10,OneMax,0
1412,RLS,11479.7,ge,1650,10,OneMax,0
1413,(1+1)-EA,29188.3,gt,1650,10,OneMax,0
1414,(1+1)-EA,32032.1,ge,1650,10,OneMax,0
1415,(1+2)-EA,30856.8,gt,1650,10,OneMax,0
1416,(1+2)-EA,30531.8,ge,1650,10,OneMax,0
1417,(1+5)-EA,36034.0,gt,1650,10,OneMax,0
1418,(1+5)-EA,32220.5,ge,1650,10,OneMax,0
1419,(1+10)-EA,33234.0,gt,1650,10,OneMax,0
1420,(1+10)-EA,32181.0,ge,1650,10,OneMax,0
1421,RLS,11655.8,gt,1675,10,OneMax,0
1422,RLS,12299.3,ge,1675,10,OneMax,0
1423,(1+1)-EA,30355.9,gt,1675,10,OneMax,0
1424,(1+1)-EA,30583.9,ge,1675,10,OneMax,0
1425,(1+2)-EA,29674.0,gt,1675,10,OneMax,0
1426,(1+2)-EA,28485.6,ge,1675,10,OneMax,0
1427,(1+5)-EA,33512.0,gt,1675,10,OneMax,0
1428,(1+5)-EA,32017.0,ge,1675,10,OneMax,0
1429,(1+10)-EA,34877.0,gt,1675,10,OneMax,0
1430,(1+10)-EA,31081.0,ge,1675,10,OneMax,0
1431,RLS,13024.4,gt,1700,10,OneMax,0
1432,RLS,13249.2,ge,1700,10,OneMax,0
1433,(1+1)-EA,31210.4,gt,1700,10,OneMax,0
1434,(1+1)-EA,31648.9,ge,1700,10,OneMax,0
1435,(1+2)-EA,34853.4,gt,1700,10,OneMax,0
1436,(1+2)-EA,27176.2,ge,1700,10,OneMax,0
1437,(1+5)-EA,31704.0,gt,1700,10,OneMax,0
1438,(1+5)-EA,32493.0,ge,1700,10,OneMax,0
1439,(1+10)-EA,35558.0,gt,1700,10,OneMax,0
1440,(1+10)-EA,34340.0,ge,1700,10,OneMax,0
1441,RLS,12337.8,gt,1725,10,OneMax,0
1442,RLS,12954.7,ge,1725,10,OneMax,0
1443,(1+1)-EA,32507.8,gt,1725,10,OneMax,0
1444,(1+1)-EA,33796.4,ge,1725,10,OneMax,0
1445,(1+2)-EA,30105.8,gt,1725,10,OneMax,0
1446,(1+2)-EA,31754.8,ge,1725,10,OneMax,0
1447,(1+5)-EA,33795.0,gt,1725,10,OneMax,0
1448,(1+5)-EA,32445.0,ge,1725,10,OneMax,0
1449,(1+10)-EA,32892.0,gt,1725,10,OneMax,0
1450,(1+10)-EA,33077.0,ge,1725,10,OneMax,0
1451,RLS,13568.5,gt,1750,10,OneMax,0
1452,RLS,12312.4,ge,1750,10,OneMax,0
1453,(1+1)-EA,30277.2,gt,1750,10,OneMax,0
1454,(1+1)-EA,32161.4,ge,1750,10,OneMax,0
1455,(1+2)-EA,33155.0,gt,1750,10,OneMax,0
1456,(1+2)-EA,32639.6,ge,1750,10,OneMax,0
1457,(1+5)-EA,30539.0,gt,1750,10,OneMax,0
1458,(1+5)-EA,34842.5,ge,1750,10,OneMax,0
1459,(1+10)-EA,35723.0,gt,1750,10,OneMax,0
1460,(1+10)-EA,32910.0,ge,1750,10,OneMax,0
1461,RLS,13390.6,gt,1775,10,OneMax,0
1462,RLS,12427.9,ge,1775,10,OneMax,0
1463,(1+1)-EA,35806.2,gt,1775,10,OneMax,0
1464,(1+1)-EA,33911.7,ge,1775,10,OneMax,0
1465,(1+2)-EA,30986.6,gt,1775,10,OneMax,0
1466,(1+2)-EA,28879.6,ge,1775,10,OneMax,0
1467,(1+5)-EA,33885.5,gt,1775,10,OneMax,0
1468,(1+5)-EA,34010.0,ge,1775,10,OneMax,0
1469,(1+10)-EA,39283.0,gt,1775,10,OneMax,0
1470,(1+10)-EA,38162.0,ge,1775,10,OneMax,0
1471,RLS,12836.6,gt,1800,10,OneMax,0
1472,RLS,13273.4,ge,1800,10,OneMax,0
1473,(1+1)-EA,33440.9,gt,1800,10,OneMax,0
1474,(1+1)-EA,33482.3,ge,1800,10,OneMax,0
1475,(1+2)-EA,33568.4,gt,1800,10,OneMax,0
1476,(1+2)-EA,30022.2,ge,1800,10,OneMax,0
1477,(1+5)-EA,35156.5,gt,1800,10,OneMax,0
1478,(1+5)-EA,33488.0,ge,1800,10,OneMax,0
1479,(1+10)-EA,38371.0,gt,1800,10,OneMax,0
1480,(1+10)-EA,36948.0,ge,1800,10,OneMax,0
1481,RLS,13278.5,gt,1825,10,OneMax,0
1482,RLS,14815.5,ge,1825,10,OneMax,0
1483,(1+1)-EA,32272.375,gt,1825,10,OneMax,2
1484,(1+1)-EA,30982.375,ge,1825,10,OneMax,2
1485,(1+2)-EA,35351.4,gt,1825,10,OneMax,0
1486,(1+2)-EA,34636.4,ge,1825,10,OneMax,0
1487,(1+5)-EA,34725.5,gt,1825,10,OneMax,0
1488,(1+5)-EA,33998.0,ge,1825,10,OneMax,0
1489,(1+10)-EA,43699.0,gt,1825,10,OneMax,0
1490,(1+10)-EA,44057.0,ge,1825,10,OneMax,0
